,x,y,z
0,225,395,1
1,225,394,1
2,225,394,1
3,224,392,1
4,224,392,1
5,223,391,1
6,223,389,1
7,222,389,1
8,222,388,1
9,221,387,1
10,221,386,1
11,220,384,1
12,220,383,1
13,219,383,1
14,219,382,1
15,218,381,1
16,218,381,1
17,217,380,1
18,217,379,1
19,216,377,1
20,215,376,1
21,215,376,1
22,214,375,1
23,214,375,1
24,214,374,1
25,213,374,1
26,213,373,1
27,213,372,1
28,212,372,1
29,212,372,1
30,212,371,1
31,211,371,1
32,211,371,1
33,211,370,1
34,211,370,1
35,210,370,1
36,210,370,1
37,210,369,1
38,209,369,1
39,209,368,1
40,208,368,1
41,208,367,1
42,207,367,1
43,207,367,1
44,207,367,1
45,206,366,1
46,206,365,1
47,205,364,1
48,205,364,1
49,204,364,1
50,204,364,1
51,204,363,1
52,203,363,1
53,203,362,1
54,202,361,1
55,202,361,1
56,202,360,1
57,201,360,1
58,201,360,1
59,200,359,1
60,200,359,1
61,199,358,1
62,199,358,1
63,198,357,1
64,198,357,1
65,197,356,1
66,197,355,1
67,196,355,1
68,195,354,1
69,195,354,1
70,194,354,1
71,194,353,1
72,193,352,1
73,193,352,1
74,192,351,1
75,192,351,1
76,191,351,1
77,191,350,1
78,190,350,1
79,189,349,1
80,189,348,1
81,188,348,1
82,188,347,1
83,187,347,1
84,187,346,1
85,187,346,1
86,186,346,1
87,186,345,1
88,186,344,1
89,186,344,1
90,186,343,1
91,185,343,1
92,185,343,1
93,185,342,1
94,185,342,1
95,185,341,1
96,185,341,1
97,185,340,1
98,185,340,1
99,185,339,1
100,185,339,1
101,185,338,1
102,185,338,1
103,185,337,1
104,185,336,1
105,185,334,1
106,185,333,1
107,185,332,1
108,185,331,1
109,186,329,1
110,186,328,1
111,186,327,1
112,187,326,1
113,187,324,1
114,187,324,1
115,188,323,1
116,188,322,1
117,188,322,1
118,188,321,1
119,188,321,1
120,189,320,1
121,189,319,1
122,190,319,1
123,190,319,1
124,190,319,1
125,191,318,1
126,191,318,1
127,191,318,1
128,192,317,1
129,192,317,1
130,193,317,1
131,193,317,1
132,194,316,1
133,194,316,1
134,195,316,1
135,195,316,1
136,195,316,1
137,196,316,1
138,196,316,1
139,196,315,1
140,197,315,1
141,197,315,1
142,198,315,1
143,198,315,1
144,198,315,1
145,199,315,1
146,199,314,1
147,200,314,1
148,201,314,1
149,202,314,1
150,202,313,1
151,202,313,1
152,203,313,1
153,204,313,1
154,205,313,1
155,205,313,1
156,206,312,1
157,207,312,1
158,208,312,1
159,209,312,1
160,210,312,1
161,211,312,1
162,212,312,1
163,213,312,1
164,213,312,1
165,214,312,1
166,214,312,1
167,215,312,1
168,215,312,1
169,216,312,1
170,216,312,1
171,217,312,1
172,217,312,1
173,217,312,1
174,218,312,1
175,218,312,1
176,218,312,1
177,219,312,1
178,219,312,1
179,219,312,1
180,220,312,1
181,220,312,1
182,220,312,1
183,221,313,1
184,221,313,1
185,221,313,1
186,221,313,1
187,222,313,1
188,222,314,1
189,222,314,1
190,224,316,1
191,225,316,1
192,225,316,1
193,225,317,1
194,226,317,1
195,226,317,1
196,226,318,1
197,228,319,1
198,228,320,1
199,228,320,1
200,229,320,1
201,229,321,1
202,229,321,1
203,230,322,1
204,231,322,1
205,231,323,1
206,232,324,1
207,233,325,1
208,233,326,1
209,234,327,1
210,234,327,1
211,235,328,1
212,235,328,1
213,236,329,1
214,237,329,1
215,237,330,1
216,238,330,1
217,238,330,1
218,241,331,1
219,242,331,1
220,242,331,1
221,243,332,1
222,243,332,1
223,244,332,1
224,245,332,1
225,245,333,1
226,246,333,1
227,246,333,1
228,246,333,1
229,247,333,1
230,247,333,1
231,247,333,1
232,248,333,1
233,248,333,1
234,251,334,1
235,251,334,1
236,252,335,1
237,252,335,1
238,252,336,1
239,253,336,1
240,253,336,1
241,254,336,1
242,254,337,1
243,255,337,1
244,255,338,1
245,255,338,1
246,255,338,1
247,255,338,1
248,255,339,1
249,256,339,1
250,256,339,1
251,256,339,1
252,256,339,1
253,256,339,1
254,256,339,1
255,256,339,1
256,257,340,1
257,257,340,1
258,257,340,1
259,257,341,1
260,258,341,1
261,258,341,1
262,258,342,1
263,258,342,1
264,258,342,1
265,259,343,1
266,259,343,1
267,259,344,1
268,259,344,1
269,260,344,1
270,260,344,1
271,260,345,1
272,260,345,1
273,261,346,1
274,261,346,1
275,261,346,1
276,261,349,1
277,261,349,1
278,261,349,1
279,262,349,1
280,263,349,1
281,264,350,1
282,264,350,1
283,265,350,1
284,265,350,1
285,266,350,1
286,266,351,1
287,267,351,1
288,267,351,1
289,267,351,1
290,268,352,1
291,269,352,1
292,269,352,1
293,269,352,1
294,270,352,1
295,270,352,1
296,270,352,1
297,271,352,1
298,271,352,1
299,271,352,1
300,272,352,1
301,272,352,1
302,272,352,1
303,272,352,1
304,273,352,1
305,273,352,1
306,273,352,1
307,274,352,1
308,274,352,1
309,275,352,1
310,275,352,1
311,275,352,1
312,276,352,1
313,276,352,1
314,277,352,1
315,278,352,1
316,278,352,1
317,279,352,1
318,279,352,1
319,280,352,1
320,280,352,1
321,280,351,1
322,280,351,1
323,281,351,1
324,281,351,1
325,281,350,1
326,281,350,1
327,281,350,1
328,281,349,1
329,282,349,1
330,282,349,1
331,282,348,1
332,282,348,1
333,283,347,1
334,283,346,1
335,283,346,1
336,283,345,1
337,284,345,1
338,284,344,1
339,284,344,1
340,284,343,1
341,284,343,1
342,284,342,1
343,285,342,1
344,285,341,1
345,285,341,1
346,285,340,1
347,285,340,1
348,285,340,1
349,285,340,1
350,285,339,1
351,285,338,1
352,286,338,1
353,286,337,1
354,286,336,1
355,286,336,1
356,286,335,1
357,286,334,1
358,286,334,1
359,286,333,1
360,286,332,1
361,286,331,1
362,286,329,1
363,286,329,1
364,286,328,1
365,286,326,1
366,286,326,1
367,286,325,1
368,286,324,1
369,286,323,1
370,286,322,1
371,286,321,1
372,286,321,1
373,286,320,1
374,286,319,1
375,286,319,1
376,286,319,1
377,286,318,1
378,286,318,1
379,286,317,1
380,286,317,1
381,286,316,1
382,286,316,1
383,286,316,1
384,286,315,1
385,286,315,1
386,286,315,1
387,285,314,1
388,285,314,1
389,285,314,1
390,285,314,1
391,285,313,1
392,285,313,1
393,285,313,1
394,285,313,1
395,285,312,1
396,285,311,1
397,284,311,1
398,284,310,1
399,284,310,1
400,284,309,1
401,283,308,1
402,283,308,1
403,283,307,1
404,282,305,1
405,282,304,1
406,281,303,1
407,281,302,1
408,281,301,1
409,281,301,1
410,281,301,1
411,280,300,1
412,280,300,1
413,280,300,1
414,280,300,1
415,280,300,1
416,280,298,1
417,279,295,1
418,278,292,1
419,277,287,1
420,277,284,1
421,276,282,1
422,276,279,1
423,276,278,1
424,276,277,1
425,275,275,1
426,275,273,1
427,275,271,1
428,275,268,1
429,275,267,1
430,274,266,1
431,274,265,1
432,274,265,1
433,274,264,1
434,274,263,1
435,274,262,1
436,274,261,1
437,273,259,1
438,273,258,1
439,273,256,1
440,273,255,1
441,273,253,1
442,273,251,1
443,273,249,1
444,272,246,1
445,272,243,1
446,272,239,1
447,272,236,1
448,272,234,1
449,271,232,1
450,271,229,1
451,271,227,1
452,271,224,1
453,271,221,1
454,271,216,1
455,271,213,1
456,271,210,1
457,271,208,1
458,271,206,1
459,271,204,1
460,272,201,1
461,272,200,1
462,273,198,1
463,273,196,1
464,274,195,1
465,274,194,1
466,275,193,1
467,275,192,1
468,276,191,1
469,277,190,1
470,278,188,1
471,279,187,1
472,280,186,1
473,281,184,1
474,282,183,1
475,283,182,1
476,285,181,1
477,286,179,1
478,288,177,1
479,290,176,1
480,292,174,1
481,294,172,1
482,295,171,1
483,296,170,1
484,297,169,1
485,298,168,1
486,299,167,1
487,300,166,1
488,301,165,1
489,303,164,1
490,304,163,1
491,305,163,1
492,306,162,1
493,307,161,1
494,309,161,1
495,310,160,1
496,310,160,1
497,311,159,1
498,313,159,1
499,316,158,1
500,318,158,1
501,322,156,1
502,325,155,1
503,327,154,1
504,329,154,1
505,331,153,1
506,334,152,1
507,335,151,1
508,337,151,1
509,339,151,1
510,340,150,1
511,341,149,1
512,343,149,1
513,343,149,1
514,345,149,1
515,347,148,1
516,350,147,1
517,352,147,1
518,355,146,1
519,359,145,1
520,362,144,1
521,365,143,1
522,368,142,1
523,369,142,1
524,372,141,1
525,373,140,1
526,375,140,1
527,377,140,1
528,378,140,1
529,380,140,1
530,383,140,1
531,385,140,1
532,389,140,1
533,392,140,1
534,395,140,1
535,398,140,1
536,400,140,1
537,403,140,1
538,405,140,1
539,408,140,1
540,409,140,1
541,411,140,1
542,413,140,1
543,414,140,1
544,415,140,1
545,416,140,1
546,418,141,1
547,419,141,1
548,422,142,1
549,425,142,1
550,427,143,1
551,429,144,1
552,431,144,1
553,432,145,1
554,434,146,1
555,436,146,1
556,437,147,1
557,440,149,1
558,442,149,1
559,443,150,1
560,444,150,1
561,445,151,1
562,447,152,1
563,448,154,1
564,450,155,1
565,452,158,1
566,454,159,1
567,455,160,1
568,456,161,1
569,457,162,1
570,458,163,1
571,459,164,1
572,461,165,1
573,462,167,1
574,463,169,1
575,465,171,1
576,466,172,1
577,467,174,1
578,468,175,1
579,469,177,1
580,470,178,1
581,470,181,1
582,471,183,1
583,471,186,1
584,471,188,1
585,472,189,1
586,473,191,1
587,473,192,1
588,474,194,1
589,474,195,1
590,475,197,1
591,475,200,1
592,476,203,1
593,476,204,1
594,477,207,1
595,477,209,1
596,477,212,1
597,477,213,1
598,478,216,1
599,478,218,1
600,478,222,1
601,478,225,1
602,478,227,1
603,478,230,1
604,478,233,1
605,478,236,1
606,478,240,1
607,478,243,1
608,478,246,1
609,478,249,1
610,478,250,1
611,478,251,1
612,478,252,1
613,478,253,1
614,478,254,1
615,477,254,1
616,477,255,1
617,477,256,1
618,476,257,1
619,475,258,1
620,475,259,1
621,474,260,1
622,473,261,1
623,472,262,1
624,472,262,1
625,471,263,1
626,470,264,1
627,470,264,1
628,470,264,1
629,469,265,1
630,469,265,1
631,469,266,1
632,469,267,1
633,468,267,1
634,468,268,1
635,467,269,1
636,467,269,1
637,467,270,1
638,466,270,1
639,466,270,1
640,465,271,1
641,465,271,1
642,465,272,1
643,464,273,1
644,463,273,1
645,463,274,1
646,462,275,1
647,462,276,1
648,461,277,1
649,461,279,1
650,461,282,1
651,460,285,1
652,460,287,1
653,460,290,1
654,460,292,1
655,460,294,1
656,460,295,1
657,460,297,1
658,460,299,1
659,460,299,1
660,460,301,1
661,460,302,1
662,460,303,1
663,460,304,1
664,460,305,1
665,460,306,1
666,460,307,1
667,460,308,1
668,460,309,1
669,460,310,1
670,460,311,1
671,460,312,1
672,460,313,1
673,461,314,1
674,461,315,1
675,462,318,1
676,463,320,1
677,464,322,1
678,465,325,1
679,466,328,1
680,467,330,1
681,468,332,1
682,469,334,1
683,470,336,1
684,470,336,1
685,471,337,1
686,472,338,1
687,472,339,1
688,473,339,1
689,474,339,1
690,474,339,1
691,475,340,1
692,475,340,1
693,476,340,1
694,477,340,1
695,478,341,1
696,478,341,1
697,479,341,1
698,479,341,1
699,480,341,1
700,480,341,1
701,481,341,1
702,482,341,1
703,483,341,1
704,483,340,1
705,483,340,1
706,483,340,1
707,483,340,1
708,484,339,1
709,484,339,1
710,484,339,1
711,484,338,1
712,485,338,1
713,485,338,1
714,485,337,1
715,486,337,1
716,486,337,1
717,486,336,1
718,487,336,1
719,487,335,1
720,488,335,1
721,488,335,1
722,489,335,1
723,489,335,1
724,490,335,1
725,491,335,1
726,492,335,1
727,493,335,1
728,493,335,1
729,494,336,1
730,495,336,1
731,495,337,1
732,496,337,1
733,496,338,1
734,497,338,1
735,497,339,1
736,497,339,1
737,497,339,1
738,497,339,1
739,497,340,1
740,497,341,1
741,497,341,1
742,497,341,1
743,497,341,1
744,497,340,1
745,497,340,1
746,496,339,1
747,496,339,1
748,496,338,1
749,495,337,1
750,495,336,1
751,494,335,1
752,494,335,1
753,494,335,1
754,494,335,1
755,494,334,1
756,494,334,1
757,494,335,1
758,494,339,1
759,495,343,1
760,497,346,1
761,497,348,1
762,498,350,1
763,499,351,1
764,500,354,1
765,501,356,1
766,501,356,1
767,501,357,1
768,501,357,1
769,501,357,1
770,501,357,1
771,501,358,1
772,501,358,1
773,501,358,1
774,501,359,1
775,501,360,1
776,501,361,1
777,501,362,1
778,501,364,1
779,500,365,1
780,499,368,1
781,498,370,1
782,497,371,1
783,497,372,1
784,496,373,1
785,496,374,1
786,496,374,1
787,495,375,1
788,495,375,1
789,494,375,1
790,493,376,1
791,493,376,1
792,491,376,1
793,491,376,1
794,490,376,1
795,489,376,1
796,488,376,1
797,486,376,1
798,484,376,1
799,483,376,1
800,481,376,1
801,479,376,1
802,478,376,1
803,477,376,1
804,475,376,1
805,473,375,1
806,471,375,1
807,470,375,1
808,469,375,1
809,468,375,1
810,466,374,1
811,465,374,1
812,465,373,1
813,463,373,1
814,461,373,1
815,461,372,1
816,460,372,1
817,459,371,1
818,458,371,1
819,456,369,1
820,454,368,1
821,451,366,1
822,450,365,1
823,446,362,1
824,445,361,1
825,442,359,1
826,440,357,1
827,438,356,1
828,436,355,1
829,435,353,1
830,434,352,1
831,432,349,1
832,431,348,1
833,430,346,1
834,428,344,1
835,427,341,1
836,426,340,1
837,426,338,1
838,426,336,1
839,425,335,1
840,425,334,1
841,425,332,1
842,424,332,1
843,424,331,1
844,424,329,1
845,424,328,1
846,424,327,1
847,423,327,1
848,423,326,1
849,423,325,1
850,423,324,1
851,423,324,1
852,423,323,1
853,423,323,1
854,423,322,1
855,423,321,1
856,423,320,1
857,423,319,1
858,423,318,1
859,423,316,1
860,423,315,1
861,423,315,1
862,423,313,1
863,423,312,1
864,423,312,1
865,423,311,1
866,423,309,1
867,423,308,1
868,423,307,1
869,423,306,1
870,423,304,1
871,423,303,1
872,423,301,1
873,423,300,1
874,423,299,1
875,423,297,1
876,423,297,1
877,423,296,1
878,422,295,1
879,422,294,1
880,422,293,1
881,422,292,1
882,422,291,1
883,421,290,1
884,421,289,1
885,421,288,1
886,421,288,1
887,421,287,1
888,420,286,1
889,420,286,1
890,420,285,1
891,420,284,1
892,419,284,1
893,419,283,1
894,419,283,1
895,418,282,1
896,418,282,1
897,418,281,1
898,417,281,1
899,417,281,1
900,416,280,1
901,415,280,1
902,415,280,1
903,414,280,1
904,414,279,1
905,412,279,1
906,412,279,1
907,411,278,1
908,410,278,1
909,410,278,1
910,409,277,1
911,408,277,1
912,408,277,1
913,407,277,1
914,407,277,1
915,406,276,1
916,405,276,1
917,404,276,1
918,404,276,1
919,403,276,1
920,403,275,1
921,402,275,1
922,402,275,1
923,401,275,1
924,400,275,1
925,399,275,1
926,399,275,1
927,398,275,1
928,397,275,1
929,396,275,1
930,395,275,1
931,394,275,1
932,393,276,1
933,392,276,1
934,390,277,1
935,389,277,1
936,389,277,1
937,388,278,1
938,387,278,1
939,387,279,1
940,384,280,1
941,382,281,1
942,382,281,1
943,381,282,1
944,380,283,1
945,379,283,1
946,379,284,1
947,379,284,1
948,379,284,1
949,378,285,1
950,378,285,1
951,377,286,1
952,377,287,1
953,376,287,1
954,376,287,1
955,376,288,1
956,376,288,1
957,376,289,1
958,376,289,1
959,375,289,1
960,375,289,1
961,375,289,1
962,375,290,1
963,375,290,1
964,375,290,1
965,374,291,1
966,374,291,1
967,374,291,1
968,374,291,1
969,373,292,1
970,373,292,1
971,373,293,1
972,372,293,1
973,372,294,1
974,371,294,1
975,371,295,1
976,370,296,1
977,370,296,1
978,369,297,1
979,368,298,1
980,367,299,1
981,367,300,1
982,366,302,1
983,365,302,1
984,365,304,1
985,364,304,1
986,364,305,1
987,364,305,1
988,363,306,1
989,363,307,1
990,362,309,1
991,362,310,1
992,362,311,1
993,361,312,1
994,361,314,1
995,361,315,1
996,361,316,1
997,360,316,1
998,360,318,1
999,360,318,1
1000,360,319,1
1001,360,319,1
1002,360,320,1
1003,360,321,1
1004,360,322,1
1005,360,322,1
1006,360,322,1
1007,360,322,1
1008,360,322,1
1009,360,324,1
1010,359,327,1
1011,358,331,1
1012,357,333,1
1013,356,334,1
1014,355,336,1
1015,354,337,1
1016,353,339,1
1017,351,341,1
1018,351,342,1
1019,350,343,1
1020,350,344,1
1021,350,345,1
1022,349,346,1
1023,349,348,1
1024,349,349,1
1025,349,351,1
1026,349,353,1
1027,349,356,1
1028,349,358,1
1029,349,361,1
1030,349,362,1
1031,349,365,1
1032,349,367,1
1033,350,369,1
1034,350,370,1
1035,351,372,1
1036,351,373,1
1037,351,373,1
1038,351,374,1
1039,351,375,1
1040,352,376,1
1041,352,377,1
1042,352,378,1
1043,352,379,1
1044,352,379,1
1045,352,379,1
1046,352,380,1
1047,352,380,1
1048,352,381,1
1049,352,381,1
1050,352,382,1
1051,352,382,1
1052,352,383,1
1053,352,383,1
1054,352,384,1
1055,352,385,1
1056,352,385,1
1057,352,385,1
1058,351,385,1
1059,351,386,1
1060,351,387,1
1061,351,393,1
1062,351,396,1
1063,351,399,1
1064,351,401,1
1065,351,404,1
1066,351,405,1
1067,351,408,1
1068,351,410,1
1069,351,412,1
1070,351,413,1
1071,351,413,1
1072,351,414,1
1073,351,414,1
1074,351,415,1
1075,351,415,1
1076,351,416,1
1077,350,417,1
1078,350,417,1
1079,348,417,1
1080,348,418,1
1081,347,418,1
1082,345,418,1
1083,344,418,1
1084,343,418,1
1085,342,418,1
1086,341,418,1
1087,339,418,1
1088,339,418,1
1089,338,418,1
1090,337,418,1
1091,336,418,1
1092,336,418,1
1093,335,418,1
1094,334,417,1
1095,334,417,1
1096,334,417,1
1097,333,417,1
1098,333,417,1
1099,332,417,1
1100,332,417,1
1101,332,417,1
1102,332,417,1
1103,331,417,1
1104,330,417,1
1105,329,419,1
1106,329,419,1
1107,328,420,1
1108,327,421,1
1109,327,423,1
1110,326,424,1
1111,325,426,1
1112,325,427,1
1113,325,429,1
1114,324,430,1
1115,324,431,1
1116,323,432,1
1117,322,433,1
1118,322,434,1
1119,321,435,1
1120,320,436,1
1121,318,437,1
1122,317,438,1
1123,316,438,1
1124,315,438,1
1125,314,438,1
1126,313,438,1
1127,311,438,1
1128,309,437,1
1129,308,436,1
1130,308,435,1
1131,307,434,1
1132,307,434,1
1133,307,434,1
1134,307,434,1
1135,307,434,1
1136,307,433,1
1137,307,433,1
1138,307,433,1
1139,307,432,1
1140,307,431,1
1141,307,429,1
1142,306,429,1
1143,306,428,1
1144,304,427,1
1145,303,427,1
1146,302,426,1
1147,301,426,1
1148,300,426,1
1149,299,426,1
1150,299,426,1
1151,298,426,1
1152,296,426,1
1153,293,427,1
1154,291,429,1
1155,289,431,1
1156,287,433,1
1157,286,434,1
1158,285,436,1
1159,284,437,1
1160,283,439,1
1161,281,441,1
1162,279,442,1
1163,277,444,1
1164,275,445,1
1165,273,446,1
1166,272,447,1
1167,271,447,1
1168,271,447,1
1169,270,447,1
1170,270,447,1
1171,270,447,1
1172,269,447,1
1173,269,447,1
1174,268,446,1
1175,266,445,1
1176,265,443,1
1177,263,442,1
1178,263,441,1
1179,262,441,1
1180,262,440,1
1181,262,439,1
1182,262,439,1
1183,262,438,1
1184,262,437,1
1185,262,436,1
1186,262,435,1
1187,261,434,1
1188,261,434,1
1189,261,433,1
1190,261,433,1
1191,261,433,1
1192,260,433,1
1193,260,433,1
1194,260,432,1
1195,260,430,1
1196,259,427,1
1197,258,425,1
1198,258,424,1
1199,257,423,1
1200,257,422,1
1201,256,422,1
1202,255,421,1
1203,253,421,1
1204,251,421,1
1205,249,421,1
1206,247,421,1
1207,244,422,1
1208,241,424,1
1209,239,426,1
1210,237,427,1
1211,235,428,1
1212,234,429,1
1213,233,429,1
1214,232,429,1
1215,232,429,1
1216,231,429,1
1217,230,429,1
1218,230,429,1
1219,229,429,1
1220,229,429,1
1221,229,429,1
1222,229,429,1
1223,228,429,1
1224,228,428,1
1225,228,427,1
1226,227,427,1
1227,227,427,1
1228,227,426,1
1229,227,425,1
1230,226,425,1
1231,226,424,1
1232,226,424,1
1233,226,423,1
1234,226,422,1
1235,226,420,1
1236,226,419,1
1237,226,418,1
1238,226,417,1
1239,226,417,1
1240,226,416,1
1241,226,415,1
1242,226,414,1
1243,226,414,1
1244,226,413,1
1245,226,413,1
1246,226,413,1
1247,226,412,1
1248,226,412,1
1249,226,411,1
1250,226,411,1
1251,226,410,1
1252,226,410,1
1253,226,410,1
1254,226,409,1
1255,226,409,1
1256,226,409,1
1257,226,408,1
1258,226,408,1
1259,226,408,1
1260,226,407,1
1261,226,407,1
1262,226,406,1
1263,226,406,1
1264,226,406,1
1265,226,405,1
1266,226,405,1
1267,226,405,1
1268,226,404,1
1269,226,404,1
1270,226,403,1
1271,226,403,1
1272,226,402,1
1273,226,402,1
1274,226,401,1
1275,226,401,1
1276,226,400,1
1277,226,400,1
1278,226,400,1
1279,226,400,1
1280,226,399,1
1281,226,399,1
1282,226,399,1
1283,226,399,1
1284,226,398,1
1285,226,398,1
1286,226,398,1
1287,226,398,1
1288,226,397,1
1289,226,397,1
1290,225,396,1
1291,225,396,1
1292,225,396,1
1293,225,396,1
1294,225,395,1
1295,225,395,1
1296,225,395,1
1297,225,395,1
1298,225,395,1
1299,225,394,1
1300,224,394,1
1301,224,394,1
1302,224,394,1
1303,224,393,1
1304,224,393,1
1305,224,393,1
1306,224,393,1
1307,224,392,1
1308,224,392,1
1309,224,392,1
1310,277,265,2
1311,283,263,2
1312,291,259,2
1313,296,255,2
1314,301,251,2
1315,307,247,2
1316,310,243,2
1317,314,240,2
1318,317,238,2
1319,321,233,2
1320,324,229,2
1321,327,224,2
1322,331,219,2
1323,334,214,2
1324,336,210,2
1325,337,205,2
1326,338,200,2
1327,339,196,2
1328,339,192,2
1329,341,185,2
1330,342,182,2
1331,343,179,2
1332,343,176,2
1333,345,171,2
1334,346,167,2
1335,346,163,2
1336,346,160,2
1337,346,157,2
1338,346,155,2
1339,346,153,2
1340,346,152,2
1341,346,151,2
1342,346,150,2
1343,274,231,2
1344,277,232,2
1345,280,233,2
1346,283,236,2
1347,284,237,2
1348,286,239,2
1349,288,241,2
1350,290,243,2
1351,291,245,2
1352,293,247,2
1353,294,249,2
1354,294,249,2
1355,295,250,2
1356,295,250,2
1357,295,251,2
1358,296,251,2
1359,296,252,2
1360,296,252,2
1361,272,210,2
1362,278,210,2
1363,284,213,2
1364,291,219,2
1365,294,223,2
1366,297,226,2
1367,299,229,2
1368,301,231,2
1369,303,233,2
1370,304,234,2
1371,305,234,2
1372,306,235,2
1373,306,237,2
1374,307,238,2
1375,308,240,2
1376,309,241,2
1377,310,242,2
1378,310,243,2
1379,310,243,2
1380,311,243,2
1381,279,191,2
1382,285,191,2
1383,291,192,2
1384,295,195,2
1385,299,197,2
1386,303,201,2
1387,307,206,2
1388,311,211,2
1389,314,214,2
1390,315,217,2
1391,316,219,2
1392,318,221,2
1393,319,223,2
1394,321,225,2
1395,322,228,2
1396,323,231,2
1397,323,233,2
1398,323,233,2
1399,324,234,2
1400,324,234,2
1401,295,171,2
1402,302,177,2
1403,307,183,2
1404,313,188,2
1405,316,192,2
1406,319,196,2
1407,321,198,2
1408,323,201,2
1409,324,205,2
1410,325,206,2
1411,326,208,2
1412,327,211,2
1413,327,213,2
1414,328,215,2
1415,329,216,2
1416,329,216,2
1417,329,217,2
1418,329,217,2
1419,329,217,2
1420,329,218,2
1421,330,218,2
1422,330,219,2
1423,315,159,2
1424,317,162,2
1425,320,166,2
1426,322,169,2
1427,323,171,2
1428,325,173,2
1429,326,176,2
1430,328,180,2
1431,329,183,2
1432,330,185,2
1433,331,187,2
1434,332,190,2
1435,333,192,2
1436,333,195,2
1437,334,196,2
1438,335,198,2
1439,335,199,2
1440,335,199,2
1441,335,200,2
1442,336,201,2
1443,336,201,2
1444,336,202,2
1445,240,394,3
1446,240,393,3
1447,240,392,3
1448,240,391,3
1449,240,390,3
1450,240,390,3
1451,240,390,3
1452,240,389,3
1453,240,389,3
1454,241,389,3
1455,241,388,3
1456,243,388,3
1457,244,387,3
1458,246,387,3
1459,247,387,3
1460,248,387,3
1461,249,387,3
1462,251,387,3
1463,252,387,3
1464,253,387,3
1465,253,388,3
1466,253,390,3
1467,253,391,3
1468,253,393,3
1469,253,395,3
1470,253,396,3
1471,253,397,3
1472,253,399,3
1473,253,400,3
1474,252,401,3
1475,251,401,3
1476,250,401,3
1477,249,401,3
1478,248,401,3
1479,247,401,3
1480,246,401,3
1481,246,401,3
1482,245,400,3
1483,245,400,3
1484,244,399,3
1485,243,397,3
1486,243,397,3
1487,242,396,3
1488,242,395,3
1489,242,395,3
1490,242,394,3
1491,242,393,3
1492,242,392,3
1493,242,391,3
1494,242,391,3
1495,242,391,3
1496,247,353,3
1497,250,353,3
1498,251,354,3
1499,253,355,3
1500,254,357,3
1501,254,358,3
1502,255,360,3
1503,256,361,3
1504,256,362,3
1505,257,365,3
1506,257,366,3
1507,257,368,3
1508,258,369,3
1509,258,370,3
1510,258,370,3
1511,258,370,3
1512,247,396,1
1513,247,396,1
1514,247,395,1
1515,248,394,1
1516,249,393,1
1517,250,392,1
1518,251,392,1
1519,251,392,1
1520,252,392,1
1521,252,392,1
1522,252,393,1
1523,252,395,1
1524,252,396,1
1525,251,397,1
1526,250,397,1
1527,249,397,1
1528,248,397,1
1529,246,397,1
1530,246,397,1
1531,246,395,1
1532,246,394,1
1533,246,392,1
1534,246,391,1
1535,246,391,1
1536,247,391,1
1537,248,392,1
1538,249,393,1
1539,249,397,1
1540,249,399,1
1541,249,401,1
1542,249,402,1
1543,248,402,1
1544,247,402,1
1545,246,401,1
1546,245,400,1
1547,245,398,1
1548,245,397,1
1549,245,394,1
1550,245,392,1
1551,247,391,1
1552,249,390,1
1553,251,389,1
1554,253,389,1
1555,254,390,1
1556,254,392,1
1557,254,394,1
1558,254,394,1
1559,253,395,1
1560,253,395,1
1561,246,397,1
1562,246,397,1
1563,244,396,1
1564,244,394,1
1565,243,392,1
1566,243,391,1
1567,243,391,1
1568,243,390,1
1569,243,390,1
1570,243,390,1
1571,244,390,1
1572,245,390,1
1573,246,389,1
1574,248,389,1
1575,250,388,1
1576,251,388,1
1577,253,388,1
1578,254,388,1
1579,254,390,1
1580,255,391,1
1581,255,393,1
1582,255,394,1
1583,255,394,1
1584,255,395,1
1585,255,396,1
1586,251,397,1
1587,249,398,1
1588,246,398,1
1589,243,398,1
1590,241,397,1
1591,239,395,1
1592,239,393,1
1593,238,391,1
1594,238,391,1
1595,238,389,1
1596,238,389,1
1597,239,388,1
1598,240,387,1
1599,242,387,1
1600,246,387,1
1601,248,388,1
1602,250,388,1
1603,250,389,1
1604,251,390,1
1605,241,392,1
1606,241,392,1
1607,241,392,1
1608,241,391,1
1609,242,391,1
1610,242,390,1
1611,242,389,1
1612,242,389,1
1613,243,389,1
1614,243,389,1
1615,243,389,1
1616,244,389,1
1617,244,389,1
1618,244,389,1
1619,237,396,1
1620,237,394,1
1621,238,392,1
1622,239,391,1
1623,240,390,1
1624,241,389,1
1625,241,388,1
1626,242,388,1
1627,242,387,1
1628,243,386,1
1629,244,386,1
1630,244,386,1
1631,245,386,1
1632,246,387,1
1633,248,388,1
1634,250,388,1
1635,251,389,1
1636,252,389,1
1637,252,390,1
1638,253,390,1
1639,254,391,1
1640,255,391,1
1641,257,392,1
1642,258,392,1
1643,259,392,1
1644,260,393,1
1645,260,393,1
1646,260,393,1
1647,260,393,1
1648,260,394,1
1649,260,396,1
1650,259,398,1
1651,259,400,1
1652,258,403,1
1653,257,405,1
1654,257,405,1
1655,257,406,1
1656,257,405,1
1657,257,403,1
1658,255,402,1
1659,254,402,1
1660,252,402,1
1661,249,401,1
1662,247,400,1
1663,244,399,1
1664,242,398,1
1665,240,397,1
1666,239,397,1
1667,239,397,1
1668,242,398,1
1669,245,397,1
1670,247,396,1
1671,249,396,1
1672,250,395,1
1673,251,395,1
1674,252,395,1
1675,254,397,1
1676,256,399,1
1677,257,400,1
1678,257,401,1
1679,258,401,1
1680,258,401,1
1681,255,401,1
1682,251,400,1
1683,246,398,1
1684,244,397,1
1685,243,397,1
1686,244,397,1
1687,246,398,1
1688,250,399,1
1689,253,400,1
1690,256,400,1
1691,257,401,1
1692,258,401,1
1693,258,401,1
1694,257,401,1
1695,255,399,1
1696,253,397,1
1697,251,396,1
1698,250,395,1
1699,249,395,1
1700,249,395,1
1701,251,398,1
1702,253,400,1
1703,255,401,1
1704,256,403,1
1705,258,404,1
1706,259,405,1
1707,259,405,1
1708,259,403,1
1709,259,400,1
1710,259,399,1
1711,259,399,1
1712,235,397,1
1713,236,395,1
1714,237,393,1
1715,237,391,1
1716,238,390,1
1717,238,389,1
1718,239,388,1
1719,240,387,1
1720,240,387,1
1721,241,386,1
1722,242,385,1
1723,242,384,1
1724,243,383,1
1725,244,383,1
1726,245,383,1
1727,246,383,1
1728,248,384,1
1729,250,384,1
1730,252,386,1
1731,254,387,1
1732,255,388,1
1733,256,388,1
1734,257,389,1
1735,258,390,1
1736,259,391,1
1737,259,391,1
1738,260,392,1
1739,261,392,1
1740,261,393,1
1741,262,393,1
1742,262,394,1
1743,263,394,1
1744,263,394,1
1745,263,395,1
1746,263,395,1
1747,263,396,1
1748,263,398,1
1749,263,400,1
1750,262,402,1
1751,261,403,1
1752,261,405,1
1753,260,406,1
1754,260,406,1
1755,259,407,1
1756,259,408,1
1757,259,408,1
1758,258,408,1
1759,258,408,1
1760,257,407,1
1761,256,406,1
1762,255,406,1
1763,254,405,1
1764,252,404,1
1765,251,403,1
1766,249,403,1
1767,247,402,1
1768,244,401,1
1769,243,400,1
1770,241,400,1
1771,240,399,1
1772,238,398,1
1773,237,398,1
1774,236,397,1
1775,235,397,1
1776,235,397,1
1777,235,397,1
1778,235,396,1
1779,238,389,1
1780,234,389,1
1781,231,389,1
1782,227,389,1
1783,226,389,1
1784,225,389,1
1785,224,389,1
1786,223,389,1
1787,222,389,1
1788,222,389,1
1789,222,389,1
1790,221,389,1
1791,221,390,1
1792,221,390,1
1793,221,390,1
1794,2,415,2
1795,7,412,2
1796,21,409,2
1797,34,408,2
1798,40,409,2
1799,45,414,2
1800,52,424,2
1801,55,430,2
1802,55,433,2
1803,55,433,2
1804,55,433,2
1805,55,429,2
1806,58,423,2
1807,60,420,2
1808,63,417,2
1809,69,414,2
1810,75,414,2
1811,92,426,2
1812,107,443,2
1813,109,448,2
1814,109,451,2
1815,109,451,2
1816,109,450,2
1817,118,443,2
1818,127,437,2
1819,133,434,2
1820,140,434,2
1821,149,434,2
1822,161,445,2
1823,166,452,2
1824,169,458,2
1825,171,463,2
1826,172,465,2
1827,173,465,2
1828,175,464,2
1829,186,452,2
1830,189,447,2
1831,190,446,2
1832,191,444,2
1833,204,442,2
1834,221,442,2
1835,226,447,2
1836,231,452,2
1837,234,459,2
1838,237,467,2
1839,239,470,2
1840,241,472,2
1841,245,474,2
1842,246,475,2
1843,246,474,2
1844,246,460,2
1845,248,457,2
1846,253,454,2
1847,256,452,2
1848,260,452,2
1849,265,456,2
1850,285,471,2
1851,306,485,2
1852,321,493,2
1853,332,494,2
1854,343,494,2
1855,345,494,2
1856,345,492,2
1857,342,484,2
1858,334,474,2
1859,328,465,2
1860,327,461,2
1861,327,459,2
1862,327,458,2
1863,329,457,2
1864,337,456,2
1865,353,464,2
1866,359,467,2
1867,373,469,2
1868,381,469,2
1869,389,468,2
1870,393,465,2
1871,394,463,2
1872,393,461,2
1873,384,452,2
1874,377,444,2
1875,374,438,2
1876,374,434,2
1877,375,436,2
1878,393,450,2
1879,418,460,2
1880,457,465,2
1881,476,465,2
1882,495,465,2
1883,500,466,2
1884,500,466,2
1885,501,466,2
1886,501,466,2
1887,501,465,2
1888,501,465,2
1889,501,464,2
1890,501,464,2
1891,500,447,2
1892,500,442,2
1893,500,438,2
1894,501,435,2
1895,512,434,2
1896,529,436,2
1897,552,445,2
1898,571,456,2
1899,579,462,2
1900,584,466,2
1901,589,467,2
1902,592,467,2
1903,595,467,2
1904,596,467,2
1905,596,467,2
1906,587,463,2
1907,573,454,2
1908,568,446,2
1909,567,441,2
1910,567,439,2
1911,570,433,2
1912,579,429,2
1913,588,429,2
1914,600,430,2
1915,621,439,2
1916,629,447,2
1917,643,465,2
1918,654,472,2
1919,676,472,2
1920,682,472,2
1921,686,471,2
1922,688,469,2
1923,688,468,2
1924,684,466,2
1925,679,462,2
1926,676,457,2
1927,674,449,2
1928,674,438,2
1929,681,429,2
1930,682,428,2
1931,689,429,2
1932,701,433,2
1933,710,434,2
1934,714,436,2
1935,716,436,2
1936,717,436,2
1937,717,436,2
1938,1,317,2
1939,7,312,2
1940,14,308,2
1941,25,304,2
1942,33,304,2
1943,38,305,2
1944,46,312,2
1945,66,331,2
1946,86,349,2
1947,109,361,2
1948,120,361,2
1949,121,361,2
1950,121,361,2
1951,110,357,2
1952,101,353,2
1953,95,344,2
1954,94,339,2
1955,94,331,2
1956,98,325,2
1957,100,322,2
1958,105,319,2
1959,112,317,2
1960,116,317,2
1961,122,322,2
1962,132,332,2
1963,140,338,2
1964,149,343,2
1965,158,343,2
1966,162,343,2
1967,163,343,2
1968,164,343,2
1969,163,343,2
1970,157,338,2
1971,152,331,2
1972,150,325,2
1973,150,322,2
1974,152,319,2
1975,160,315,2
1976,167,313,2
1977,170,312,2
1978,173,313,2
1979,176,314,2
1980,179,316,2
1981,183,317,2
1982,185,318,2
1983,185,319,2
1984,187,319,2
1985,187,320,2
1986,188,320,2
1987,258,336,2
1988,262,335,2
1989,267,335,2
1990,271,335,2
1991,273,335,2
1992,275,338,2
1993,277,339,2
1994,278,341,2
1995,279,342,2
1996,280,342,2
1997,280,342,2
1998,280,342,2
1999,353,348,2
2000,366,349,2
2001,377,357,2
2002,396,366,2
2003,396,362,2
2004,394,357,2
2005,392,351,2
2006,392,345,2
2007,394,341,2
2008,396,338,2
2009,398,337,2
2010,398,337,2
2011,399,343,2
2012,405,351,2
2013,413,357,2
2014,422,361,2
2015,431,363,2
2016,442,363,2
2017,505,355,2
2018,505,346,2
2019,509,340,2
2020,512,338,2
2021,513,338,2
2022,517,347,2
2023,526,364,2
2024,538,374,2
2025,548,379,2
2026,554,380,2
2027,556,381,2
2028,556,381,2
2029,554,379,2
2030,550,375,2
2031,549,369,2
2032,549,359,2
2033,552,353,2
2034,555,350,2
2035,569,345,2
2036,585,344,2
2037,591,347,2
2038,600,359,2
2039,616,370,2
2040,627,374,2
2041,629,374,2
2042,629,374,2
2043,622,370,2
2044,609,357,2
2045,606,345,2
2046,606,338,2
2047,610,336,2
2048,624,336,2
2049,641,341,2
2050,655,350,2
2051,667,362,2
2052,678,372,2
2053,687,372,2
2054,693,372,2
2055,694,372,2
2056,694,372,2
2057,691,370,2
2058,682,352,2
2059,680,341,2
2060,682,336,2
2061,692,336,2
2062,706,339,2
2063,710,339,2
2064,714,339,2
2065,1,229,2
2066,4,226,2
2067,12,221,2
2068,21,219,2
2069,28,221,2
2070,38,229,2
2071,53,241,2
2072,71,253,2
2073,87,258,2
2074,98,257,2
2075,100,257,2
2076,101,257,2
2077,100,257,2
2078,98,257,2
2079,93,255,2
2080,87,251,2
2081,85,244,2
2082,84,238,2
2083,85,233,2
2084,94,229,2
2085,101,228,2
2086,109,230,2
2087,132,249,2
2088,147,260,2
2089,167,264,2
2090,175,263,2
2091,177,262,2
2092,177,262,2
2093,175,262,2
2094,171,262,2
2095,165,262,2
2096,162,257,2
2097,161,244,2
2098,161,228,2
2099,169,217,2
2100,175,216,2
2101,187,218,2
2102,215,231,2
2103,239,240,2
2104,246,241,2
2105,248,241,2
2106,249,241,2
2107,249,240,2
2108,249,240,2
2109,243,239,2
2110,234,230,2
2111,233,224,2
2112,235,221,2
2113,239,221,2
2114,245,222,2
2115,254,225,2
2116,262,229,2
2117,266,230,2
2118,266,230,2
2119,481,248,2
2120,504,248,2
2121,530,251,2
2122,551,267,2
2123,571,286,2
2124,586,295,2
2125,611,298,2
2126,630,295,2
2127,630,295,2
2128,630,295,2
2129,622,293,2
2130,614,286,2
2131,605,267,2
2132,604,255,2
2133,610,246,2
2134,622,236,2
2135,637,246,2
2136,670,268,2
2137,685,273,2
2138,707,273,2
2139,709,273,2
2140,707,273,2
2141,686,267,2
2142,675,255,2
2143,675,246,2
2144,678,239,2
2145,685,238,2
2146,710,245,2
2147,-1,107,2
2148,8,103,2
2149,35,103,2
2150,54,117,2
2151,73,137,2
2152,88,152,2
2153,99,156,2
2154,109,156,2
2155,110,156,2
2156,110,156,2
2157,108,155,2
2158,105,151,2
2159,103,143,2
2160,101,131,2
2161,102,122,2
2162,109,118,2
2163,123,117,2
2164,145,127,2
2165,165,136,2
2166,190,138,2
2167,202,138,2
2168,203,137,2
2169,203,137,2
2170,201,136,2
2171,196,127,2
2172,191,105,2
2173,194,92,2
2174,203,86,2
2175,226,84,2
2176,255,98,2
2177,271,110,2
2178,292,118,2
2179,306,119,2
2180,308,119,2
2181,308,119,2
2182,303,108,2
2183,301,99,2
2184,301,91,2
2185,306,87,2
2186,322,87,2
2187,351,101,2
2188,380,121,2
2189,405,135,2
2190,427,141,2
2191,438,142,2
2192,439,142,2
2193,438,142,2
2194,418,116,2
2195,403,92,2
2196,403,86,2
2197,407,82,2
2198,422,81,2
2199,450,86,2
2200,490,114,2
2201,506,130,2
2202,517,134,2
2203,525,134,2
2204,526,134,2
2205,525,134,2
2206,516,130,2
2207,499,115,2
2208,497,106,2
2209,498,93,2
2210,511,86,2
2211,539,91,2
2212,567,105,2
2213,584,113,2
2214,599,117,2
2215,606,117,2
2216,610,117,2
2217,610,117,2
2218,604,116,2
2219,587,100,2
2220,586,95,2
2221,592,91,2
2222,620,91,2
2223,644,101,2
2224,657,110,2
2225,671,118,2
2226,688,124,2
2227,694,124,2
2228,695,124,2
2229,695,124,2
2230,689,121,2
2231,652,87,2
2232,648,80,2
2233,652,79,2
2234,678,79,2
2235,691,91,2
2236,692,95,2
2237,692,96,2
2238,692,96,2
2239,692,96,2
2240,693,97,2
2241,693,97,2
2242,701,102,2
2243,710,111,2
2244,714,114,2
2245,714,114,2
2246,715,114,2
2247,716,115,2
2248,717,115,2
2249,717,115,2
2250,97,94,1
2251,92,93,1
2252,87,92,1
2253,82,91,1
2254,78,88,1
2255,75,85,1
2256,74,80,1
2257,74,73,1
2258,74,70,1
2259,77,67,1
2260,80,66,1
2261,83,65,1
2262,86,65,1
2263,90,65,1
2264,95,65,1
2265,100,65,1
2266,104,66,1
2267,108,68,1
2268,111,70,1
2269,113,73,1
2270,115,76,1
2271,118,81,1
2272,120,86,1
2273,120,87,1
2274,120,87,1
2275,120,88,1
2276,119,89,1
2277,117,91,1
2278,114,93,1
2279,111,93,1
2280,109,94,1
2281,106,94,1
2282,102,94,1
2283,100,94,1
2284,97,94,1
2285,95,94,1
2286,94,94,1
2287,93,94,1
2288,94,94,1
2289,97,94,1
2290,101,94,1
2291,105,94,1
2292,108,93,1
2293,111,92,1
2294,113,92,1
2295,116,92,1
2296,119,92,1
2297,122,92,1
2298,126,92,1
2299,128,93,1
2300,132,98,1
2301,138,113,1
2302,143,121,1
2303,146,124,1
2304,148,125,1
2305,151,125,1
2306,151,125,1
2307,151,125,1
2308,148,123,1
2309,146,121,1
2310,145,118,1
2311,144,115,1
2312,143,112,1
2313,142,109,1
2314,139,105,1
2315,137,101,1
2316,135,98,1
2317,133,93,1
2318,133,89,1
2319,133,85,1
2320,134,81,1
2321,135,78,1
2322,138,75,1
2323,141,72,1
2324,142,70,1
2325,143,70,1
2326,143,70,1
2327,142,71,1
2328,138,73,1
2329,135,74,1
2330,129,77,1
2331,124,79,1
2332,121,81,1
2333,119,81,1
2334,119,81,1
2335,119,81,1
2336,118,81,1
2337,117,81,1
2338,117,81,1
2339,117,81,1
2340,81,88,1
2341,78,85,1
2342,77,81,1
2343,76,79,1
2344,76,77,1
2345,77,75,1
2346,80,74,1
2347,81,74,1
2348,82,77,1
2349,83,87,1
2350,83,92,1
2351,83,91,1
2352,83,87,1
2353,83,83,1
2354,82,78,1
2355,82,74,1
2356,82,71,1
2357,83,70,1
2358,84,70,1
2359,86,74,1
2360,88,82,1
2361,90,88,1
2362,90,91,1
2363,90,91,1
2364,90,89,1
2365,89,84,1
2366,89,79,1
2367,89,76,1
2368,90,74,1
2369,91,73,1
2370,93,73,1
2371,96,77,1
2372,98,86,1
2373,99,96,1
2374,99,98,1
2375,99,97,1
2376,99,90,1
2377,99,82,1
2378,99,73,1
2379,100,70,1
2380,103,69,1
2381,106,74,1
2382,108,81,1
2383,109,87,1
2384,109,89,1
2385,109,89,1
2386,108,84,1
2387,108,80,1
2388,108,77,1
2389,110,76,1
2390,111,76,1
2391,113,81,1
2392,113,83,1
2393,113,83,1
2394,84,82,1
2395,85,82,1
2396,87,84,1
2397,87,85,1
2398,86,85,1
2399,84,85,1
2400,83,84,1
2401,82,83,1
2402,82,83,1
2403,83,83,1
2404,84,83,1
2405,81,71,1
2406,86,71,1
2407,89,72,1
2408,91,73,1
2409,92,74,1
2410,93,77,1
2411,93,78,1
