pressure,depth,temperature,Salinity,density,oxygen
2,1.989,29.0046,33.8873,1021.238,2.92979
3,2.983,28.5072,33.9911,1021.4852,3.07316
4,3.978,28.4227,34.0155,1021.5356,2.97615
5,4.972,28.416,34.0162,1021.5426,3.35803
6,5.967,28.3491,34.0355,1021.5833,3.55787
7,6.961,28.1899,34.0873,1021.6787,3.80656
8,7.956,28.044,34.1357,1021.767,4.25642
9,8.95,27.9904,34.1547,1021.803,3.99024
10,9.945,27.9431,34.1699,1021.8342,3.40381
11,10.939,27.8757,34.1877,1021.8737,3.09457
12,11.934,27.7584,34.2156,1021.937,2.81989
13,12.928,27.5937,34.2542,1022.0237,2.6982
14,13.923,27.4277,34.2856,1022.1051,2.55685
15,14.917,27.2688,34.3124,1022.1806,2.49659
16,15.911,26.8621,34.3852,1022.3694,2.47295
17,16.906,26.7774,34.4034,1022.4142,2.4129
18,17.9,26.9732,34.3671,1022.3291,2.40121
19,18.895,26.7775,34.3971,1022.4181,2.40825
20,19.889,26.6285,34.4261,1022.4914,2.40075
21,20.883,26.4174,34.461,1022.5885,2.41417
22,21.878,26.0546,34.5174,1022.749,2.36146
23,22.872,25.9766,34.5236,1022.7822,2.38415
24,23.867,25.6562,34.5958,1022.9402,2.38685
25,24.861,25.563,34.6895,1023.044,2.38202
26,25.855,25.5019,34.7536,1023.1155,2.35093
27,26.85,25.4746,34.7827,1023.1502,2.30314
28,27.844,25.4919,34.8016,1023.1634,2.25169
29,28.839,25.41,34.7927,1023.1862,2.24927
30,29.833,25.2803,34.7766,1023.2181,2.24212
31,30.827,25.1955,34.7609,1023.2366,2.26242
32,31.822,25.1446,34.7529,1023.2503,2.2362
33,32.816,25.1048,34.7558,1023.2689,2.18453
34,33.81,25.0542,34.7524,1023.2861,2.16389
35,34.805,24.9888,34.7464,1023.3058,2.1691
36,35.799,24.8779,34.7387,1023.3379,2.15019
37,36.793,24.5988,34.7254,1023.4164,2.14952
38,37.788,24.3934,34.7266,1023.4832,2.11698
39,38.782,24.1778,34.7228,1023.549,2.10368
40,39.776,24.0408,34.7215,1023.5931,2.08751
41,40.771,24.0054,34.7204,1023.607,2.09939
42,41.765,23.9637,34.7215,1023.6245,2.08934
43,42.759,23.9156,34.7242,1023.6451,2.0799
44,43.753,23.8854,34.7254,1023.6593,2.08074
45,44.748,23.8713,34.7262,1023.6684,2.05972
46,45.742,23.8426,34.7318,1023.6854,2.03594
47,46.736,23.8411,34.7334,1023.6913,2.03037
48,47.731,23.8421,34.7338,1023.6957,2.06764
49,48.725,23.8423,34.7344,1023.7004,2.05103
50,49.719,23.8415,34.7341,1023.7047,2.03641
51,50.714,23.8402,34.7343,1023.7096,2.05413
52,51.708,23.8373,34.7342,1023.7147,2.03758
53,52.702,23.8334,34.7344,1023.7203,2.04475
54,53.696,23.8316,34.7343,1023.7251,2.03108
55,54.69,23.8309,34.7343,1023.7296,2.0325
56,55.685,23.8292,34.7346,1023.7347,2.03088
57,56.679,23.8277,34.7347,1023.7395,2.0416
58,57.673,23.8229,34.736,1023.7463,2.02967
59,58.668,23.8212,34.7364,1023.7514,2.03275
60,59.662,23.8172,34.7364,1023.7569,2.04933
61,60.656,23.752,34.7388,1023.7822,2.0581
62,61.65,23.6312,34.7482,1023.8292,2.04848
63,62.644,23.5819,34.7492,1023.8487,2.03749
64,63.638,23.5179,34.751,1023.8732,2.04366
65,64.633,23.4155,34.7555,1023.9107,2.03732
66,65.627,23.3687,34.7533,1023.9271,2.02287
67,66.621,23.3399,34.7528,1023.9394,2.06947
68,67.615,23.3263,34.7564,1023.9505,2.03249
69,68.61,23.3289,34.7585,1023.9556,2.0106
70,69.604,23.326,34.7597,1023.9617,2.02196
71,70.598,23.3063,34.7799,1023.9871,2.03499
72,71.592,23.2765,34.7952,1024.0116,2.0334
73,72.586,23.1284,34.7876,1024.0532,2.01536
74,73.58,23.0272,34.7918,1024.09,2.02876
75,74.574,22.9788,34.7886,1024.1058,2.0326
76,75.569,22.8886,34.7868,1024.1348,2.03464
77,76.563,22.8521,34.7873,1024.15,2.04532
78,77.557,22.8304,34.7868,1024.1602,2.04123
79,78.551,22.8203,34.7847,1024.1658,2.0314
80,79.545,22.7512,34.777,1024.1841,2.04896
81,80.539,22.6495,34.7804,1024.2201,2.01718
82,81.533,22.5999,34.7797,1024.2382,2.00812
83,82.527,22.5499,34.7809,1024.2576,2.01683
84,83.521,22.4921,34.7796,1024.2775,2.02726
85,84.516,22.4146,34.7821,1024.3057,2.01556
86,85.51,22.3696,34.7831,1024.3236,2.01482
87,86.504,22.347,34.7829,1024.3342,2.02269
88,87.498,22.3252,34.7818,1024.3438,2.01917
89,88.492,22.3081,34.7821,1024.3533,2.01604
90,89.486,22.2982,34.7818,1024.3602,2.00889
91,90.48,22.291,34.7824,1024.367,2.01811
92,91.474,22.2883,34.7818,1024.3717,2.03175
93,92.468,22.259,34.7792,1024.3823,2.02703
94,93.462,22.2092,34.7793,1024.4008,2.00905
95,94.456,22.1916,34.7797,1024.4104,2.01696
96,95.45,22.1697,34.7767,1024.4187,2.0234
97,96.445,22.1279,34.7728,1024.4318,2.01024
98,97.439,22.099,34.7725,1024.4441,1.98916
99,98.433,22.0965,34.774,1024.4503,1.98932
100,99.427,22.0793,34.7716,1024.4577,1.98613
101,100.421,22.0599,34.7687,1024.4652,1.99334
102,101.415,22.0506,34.7667,1024.4707,2.00127
103,102.408,22.0472,34.766,1024.4754,2.00665
104,103.403,22.0469,34.7657,1024.4796,2.00309
105,104.397,22.0463,34.7654,1024.4838,2.00875
106,105.391,22.0456,34.765,1024.4881,2.00772
107,106.385,22.0442,34.7648,1024.4927,1.98819
108,107.379,22.0293,34.7642,1024.5008,1.97495
109,108.373,22.0054,34.7631,1024.5109,1.9936
110,109.366,21.9688,34.7621,1024.5248,1.99755
111,110.36,21.9407,34.7612,1024.5363,1.99566
112,111.354,21.9135,34.7595,1024.547,2.01159
113,112.348,21.856,34.7577,1024.5661,2.01663
114,113.342,21.7739,34.7563,1024.5923,1.9982
115,114.336,21.6823,34.7585,1024.6239,1.98216
116,115.33,21.6493,34.7594,1024.6381,1.99753
117,116.324,21.6273,34.76,1024.649,2.00485
118,117.318,21.6148,34.7602,1024.657,2.00574
119,118.312,21.6039,34.7607,1024.6647,1.99702
120,119.306,21.5983,34.7608,1024.6707,1.98741
121,120.3,21.591,34.7602,1024.6766,1.98394
122,121.294,21.5604,34.7588,1024.6883,1.98917
123,122.288,21.4945,34.7575,1024.71,1.98682
124,123.282,21.3944,34.7567,1024.7414,1.99512
125,124.276,21.329,34.762,1024.7678,2.01959
126,125.27,21.2672,34.7579,1024.7861,1.99008
127,126.264,21.1493,34.7612,1024.8253,1.98557
128,127.257,21.1219,34.7636,1024.839,1.97723
129,128.251,21.121,34.7628,1024.843,1.97105
130,129.245,21.121,34.7623,1024.8469,1.97215
131,130.239,21.1212,34.7617,1024.8508,1.9872
132,131.233,21.1198,34.7614,1024.8552,1.98785
133,132.227,21.1189,34.7609,1024.8595,1.97821
134,133.221,21.1135,34.7599,1024.8645,1.98197
135,134.215,21.1062,34.7588,1024.87,1.96881
136,135.208,21.0967,34.758,1024.8763,1.96551
137,136.202,21.0898,34.758,1024.8826,1.98536
138,137.196,21.0856,34.7582,1024.8882,1.98695
139,138.19,21.0831,34.7578,1024.893,1.975
140,139.184,21.0759,34.7577,1024.8993,1.9739
141,140.177,21.0697,34.7573,1024.905,1.97443
142,141.171,21.0619,34.7558,1024.9103,1.97533
143,142.165,21.0524,34.7552,1024.9168,1.97475
144,143.159,21.0409,34.7545,1024.9238,1.97344
145,144.153,21.0305,34.7537,1024.9304,1.97134
146,145.147,21.0168,34.7534,1024.9382,1.97918
147,146.14,21.0101,34.7531,1024.9441,1.97703
148,147.134,21.0039,34.7525,1024.9498,1.97092
149,148.128,20.9878,34.7512,1024.9575,1.98323
150,149.122,20.9702,34.7526,1024.9677,1.97876
151,150.116,20.9752,34.7579,1024.9747,1.98473
152,151.109,20.9657,34.7574,1024.9813,1.99867
153,152.103,20.9322,34.7591,1024.9961,1.97813
154,153.097,20.8705,34.765,1025.0217,1.97054
155,154.091,20.802,34.7757,1025.0529,1.97134
156,155.084,20.7207,34.779,1025.0817,1.97643
157,156.078,20.6734,34.7759,1025.0966,1.9671
158,157.072,20.5971,34.7649,1025.1131,1.95251
159,158.066,20.4448,34.752,1025.1487,1.95698
160,159.06,20.3251,34.7555,1025.1878,1.96414
161,160.053,20.2084,34.7498,1025.2191,1.97219
162,161.047,20.0644,34.7566,1025.2669,1.97777
163,162.041,20.0528,34.7557,1025.2737,1.95826
164,163.034,20.044,34.7534,1025.2787,1.96048
165,164.028,19.9944,34.7496,1025.2933,1.97527
166,165.022,19.9143,34.745,1025.3153,1.98798
167,166.015,19.7394,34.7303,1025.3546,1.99163
168,167.009,19.4283,34.717,1025.4303,1.96754
169,168.003,19.2601,34.7152,1025.477,1.96393
170,168.997,19.0408,34.7087,1025.5329,1.97962
171,169.99,18.9078,34.7085,1025.5713,1.96502
172,170.984,18.8348,34.7031,1025.5902,1.94087
173,171.978,18.7628,34.7043,1025.6139,1.94674
174,172.971,18.6981,34.7018,1025.6328,1.9554
175,173.965,18.5634,34.6923,1025.6641,1.95582
176,174.958,18.412,34.6993,1025.7121,1.96274
177,175.952,18.384,34.6972,1025.7219,1.95875
178,176.946,18.3571,34.6949,1025.7313,1.96992
179,177.939,18.3113,34.6919,1025.7449,1.98297
180,178.933,18.2815,34.6936,1025.758,1.98356
181,179.927,18.2714,34.6927,1025.7643,1.96973
182,180.92,18.2674,34.6915,1025.7687,1.94809
183,181.914,18.2654,34.6905,1025.7728,1.95758
184,182.908,18.2432,34.6881,1025.7809,1.9772
185,183.901,18.2006,34.6896,1025.7971,1.96767
186,184.895,18.1916,34.6914,1025.8051,1.95774
187,185.889,18.1668,34.689,1025.8139,1.96106
188,186.882,18.1083,34.6883,1025.8323,1.96303
189,187.876,18.0883,34.6881,1025.8415,1.95986
190,188.869,18.0818,34.6884,1025.8477,1.94322
191,189.863,18.0778,34.6895,1025.854,1.9567
192,190.856,18.0683,34.689,1025.8603,1.95472
193,191.85,18.068,34.6951,1025.8695,1.9475
194,192.844,18.0707,34.6969,1025.8745,1.96349
195,193.837,18.0689,34.6971,1025.8795,1.96539
196,194.831,18.0717,34.6989,1025.8846,1.95826
197,195.824,18.0523,34.7009,1025.8953,1.95741
198,196.818,17.8865,34.6882,1025.9312,1.96883
199,197.811,17.5053,34.669,1026.0146,1.98967
200,198.805,17.3659,34.6847,1026.065,1.9762
201,199.798,17.2075,34.685,1026.108,1.97114
202,200.792,17.1428,34.6836,1026.127,1.97894
203,201.786,17.1346,34.684,1026.1337,1.97789
204,202.779,17.1342,34.6836,1026.1378,1.97727
205,203.773,17.133,34.6833,1026.1423,1.98467
206,204.766,17.126,34.6816,1026.1471,2.00155
207,205.76,17.1187,34.6809,1026.1527,2.00943
208,206.753,17.0494,34.6722,1026.1671,2.00687
209,207.747,16.9177,34.6627,1026.1958,1.99942
210,208.74,16.7705,34.6556,1026.2299,1.99373
211,209.734,16.4766,34.6403,1026.2922,1.99594
212,210.727,16.2627,34.6438,1026.3495,2.00798
213,211.721,16.127,34.6365,1026.3799,2.00997
214,212.714,15.9035,34.6226,1026.4254,2.01856
215,213.707,15.7263,34.6148,1026.4644,2.034
216,214.701,15.6403,34.6152,1026.4889,2.03707
217,215.695,15.6335,34.6124,1026.4926,2.02385
218,216.688,15.6294,34.61,1026.4961,2.03087
219,217.681,15.6228,34.608,1026.5005,2.03666
220,218.675,15.614,34.6064,1026.5057,2.03004
221,219.668,15.6097,34.6054,1026.5103,2.01295
222,220.662,15.6063,34.6047,1026.5149,2.00532
223,221.655,15.6008,34.6029,1026.5192,2.01909
224,222.649,15.5785,34.6003,1026.5268,2.02172
225,223.642,15.5468,34.5972,1026.536,1.99921
226,224.636,15.3446,34.5743,1026.5685,1.99841
227,225.629,14.9446,34.5697,1026.6589,2.00926
228,226.622,14.8411,34.5802,1026.6944,1.99435
229,227.616,14.8181,34.5778,1026.702,1.98906
230,228.609,14.805,34.5744,1026.7068,2.01125
231,229.602,14.7172,34.5669,1026.7247,2.01774
232,230.596,14.6499,34.5684,1026.7451,2.01253
233,231.589,14.6351,34.5666,1026.7514,1.99334
234,232.583,14.5856,34.5629,1026.7638,1.99385
235,233.576,14.539,34.5615,1026.7773,2.00859
236,234.569,14.4917,34.5592,1026.7903,1.99696
237,235.563,14.4129,34.5526,1026.8068,1.99148
238,236.556,14.2982,34.5516,1026.8353,2.00772
239,237.55,14.2259,34.5451,1026.8504,2.01906
240,238.543,14.1107,34.5402,1026.8757,2.02106
241,239.536,13.9975,34.5396,1026.904,2.00426
242,240.53,13.8928,34.5331,1026.9257,1.9976
243,241.523,13.7802,34.5269,1026.9492,2.00763
244,242.516,13.5694,34.5207,1026.9932,2.01712
245,243.509,13.5027,34.5217,1027.0124,2.01351
246,244.503,13.4759,34.5214,1027.0222,2.00392
247,245.496,13.4638,34.5203,1027.0283,2.00032
248,246.49,13.4576,34.519,1027.0331,1.99976
249,247.483,13.4415,34.5166,1027.039,2.01806
250,248.476,13.4226,34.5148,1027.046,2.01601
251,249.47,13.402,34.5142,1027.0542,2.01065
252,250.463,13.3909,34.5138,1027.0607,1.99801
253,251.456,13.3785,34.5116,1027.066,1.99272
254,252.449,13.3436,34.5108,1027.0771,2.00536
255,253.443,13.3254,34.5095,1027.0843,2.00519
256,254.436,13.2787,34.5053,1027.0952,2.01038
257,255.429,13.1995,34.4977,1027.1101,2.00331
258,256.422,12.9947,34.4949,1027.1544,2.00765
259,257.416,12.9538,34.4981,1027.1697,2.0001
260,258.409,12.9274,34.4961,1027.178,1.97437
261,259.402,12.9118,34.4948,1027.1846,1.99214
262,260.396,12.9017,34.494,1027.1905,2.00076
263,261.389,12.8964,34.4933,1027.1955,1.99405
264,262.382,12.8806,34.4915,1027.2018,1.99748
265,263.375,12.8649,34.4913,1027.2093,1.99829
266,264.368,12.857,34.4901,1027.2144,1.99079
267,265.362,12.8474,34.4898,1027.2205,1.98558
268,266.355,12.8349,34.4888,1027.2267,1.98376
269,267.348,12.8029,34.4883,1027.2374,1.96691
270,268.341,12.7829,34.4882,1027.2458,1.95495
271,269.335,12.7726,34.4882,1027.2523,1.96378
272,270.328,12.7642,34.4875,1027.2579,1.95472
273,271.321,12.7468,34.4873,1027.2657,1.93954
274,272.314,12.7348,34.4873,1027.2726,1.95103
275,273.307,12.6681,34.4803,1027.2851,1.94712
276,274.301,12.4009,34.4681,1027.3336,1.95947
277,275.294,11.8698,34.4458,1027.4249,1.97867
278,276.287,11.5794,34.4609,1027.4971,1.96584
279,277.28,11.4718,34.4592,1027.5208,1.94177
280,278.273,11.4019,34.4569,1027.5368,1.95071
281,279.266,11.3597,34.4543,1027.5472,1.96097
282,280.259,11.3342,34.4521,1027.5548,1.95039
283,281.253,11.3241,34.4515,1027.5607,1.92591
284,282.246,11.3203,34.4505,1027.5652,1.92029
285,283.239,11.3196,34.4493,1027.5689,1.91492
286,284.232,11.3195,34.4481,1027.5724,1.90462
287,285.225,11.3196,34.4475,1027.5764,1.90106
288,286.218,11.3197,34.4467,1027.5803,1.89699
289,287.211,11.3197,34.4461,1027.5842,1.89548
290,288.205,11.3195,34.4456,1027.5884,1.8978
291,289.198,11.3196,34.4452,1027.5925,1.87692
292,290.191,11.3199,34.4446,1027.5965,1.86775
293,291.184,11.32,34.4443,1027.6007,1.84897
294,292.177,11.3181,34.4439,1027.6052,1.84982
295,293.17,11.3174,34.4436,1027.6095,1.86524
296,294.163,11.3146,34.4432,1027.6143,1.86449
297,295.156,11.3136,34.4432,1027.6189,1.83956
298,296.149,11.3089,34.4428,1027.624,1.81959
299,297.142,11.3082,34.4426,1027.6285,1.82118
300,298.136,11.2955,34.441,1027.6341,1.81463
301,299.129,11.2745,34.4417,1027.643,1.81319
302,300.122,11.2615,34.4418,1027.6501,1.8133
303,301.115,11.2581,34.4412,1027.6547,1.81111
304,302.108,11.2447,34.4402,1027.661,1.80034
305,303.101,11.1917,34.4376,1027.6734,1.7932
306,304.094,11.0427,34.4308,1027.7004,1.78802
307,305.087,10.9035,34.4293,1027.7296,1.78767
308,306.08,10.8113,34.4315,1027.7527,1.77578
309,307.073,10.7924,34.4305,1027.7599,1.77899
310,308.066,10.7876,34.4293,1027.7644,1.7687
311,309.059,10.7851,34.4284,1027.7686,1.75802
312,310.052,10.7826,34.4278,1027.7731,1.75594
313,311.045,10.7812,34.4272,1027.7774,1.75111
314,312.038,10.7756,34.4266,1027.7825,1.73945
315,313.031,10.7774,34.426,1027.7861,1.73906
316,314.024,10.7657,34.4257,1027.7925,1.72787
317,315.017,10.765,34.4251,1027.7967,1.72601
318,316.01,10.7605,34.4248,1027.8017,1.70867
319,317.003,10.733,34.423,1027.8099,1.7062
320,317.996,10.7201,34.4235,1027.8171,1.70145
321,318.989,10.7064,34.4226,1027.8234,1.69667
322,319.982,10.6967,34.4214,1027.8287,1.68988
323,320.975,10.627,34.4169,1027.8424,1.6846
324,321.968,10.5805,34.4189,1027.857,1.67627
325,322.961,10.5664,34.4194,1027.8645,1.6768
326,323.954,10.5545,34.4187,1027.8706,1.67683
327,324.947,10.4212,34.4219,1027.9016,1.68042
328,325.939,10.3249,34.4322,1027.9316,1.68439
329,326.932,10.3142,34.4313,1027.9372,1.66199
330,327.925,10.2979,34.4308,1027.9442,1.65682
331,328.918,10.2701,34.4312,1027.9541,1.65603
332,329.911,10.2401,34.4316,1027.9642,1.64534
333,330.904,10.2052,34.4334,1027.9764,1.6338
334,331.897,10.1874,34.434,1027.9845,1.6295
335,332.89,10.1723,34.4347,1027.9922,1.62587
336,333.883,10.1651,34.4345,1027.9979,1.61624
337,334.876,10.1574,34.4348,1028.004,1.59747
338,335.869,10.1508,34.4339,1028.0089,1.59859
339,336.861,10.1195,34.435,1028.0198,1.5919
340,337.854,10.0989,34.4365,1028.0292,1.58528
341,338.847,10.0844,34.4374,1028.0369,1.57933
342,339.84,10.0799,34.4375,1028.0423,1.5742
343,340.833,10.0694,34.4368,1028.0481,1.5667
344,341.826,10.0591,34.4363,1028.0541,1.56182
345,342.819,10.0527,34.4365,1028.0598,1.56074
346,343.811,10.046,34.4358,1028.0649,1.55133
347,344.804,10.0229,34.4354,1028.0732,1.54568
348,345.797,9.9982,34.4364,1028.0829,1.54119
349,346.79,9.9796,34.4363,1028.0906,1.53637
350,347.783,9.9502,34.4363,1028.1003,1.53524
351,348.776,9.9042,34.4368,1028.1133,1.53426
352,349.768,9.8702,34.4384,1028.125,1.52933
353,350.761,9.8235,34.4377,1028.1371,1.52639
354,351.754,9.7555,34.4415,1028.1564,1.52535
355,352.747,9.7425,34.4427,1028.1641,1.52142
356,353.739,9.738,34.4421,1028.169,1.50983
357,354.733,9.7363,34.4417,1028.1735,1.50657
358,355.725,9.7334,34.4417,1028.1784,1.50526
359,356.718,9.7274,34.4413,1028.1837,1.4993
360,357.711,9.7206,34.4419,1028.1899,1.49383
361,358.704,9.7165,34.4419,1028.195,1.48996
362,359.696,9.7122,34.442,1028.2004,1.48368
363,360.689,9.7076,34.4418,1028.2056,1.4842
364,361.682,9.6966,34.4428,1028.2127,1.47994
365,362.674,9.6923,34.4427,1028.2179,1.47819
366,363.667,9.6848,34.4427,1028.2237,1.47533
367,364.66,9.6739,34.4437,1028.2309,1.47046
368,365.653,9.6714,34.444,1028.236,1.46749
369,366.646,9.6658,34.4441,1028.2416,1.46768
370,367.638,9.6535,34.4442,1028.2483,1.46904
371,368.631,9.6408,34.4457,1028.2562,1.46722
372,369.624,9.6381,34.446,1028.2614,1.4631
373,370.616,9.6342,34.4462,1028.2667,1.46232
374,371.609,9.6304,34.4467,1028.2723,1.4599
375,372.602,9.6213,34.447,1028.2786,1.45644
376,373.595,9.5876,34.4473,1028.2891,1.4568
377,374.587,9.4784,34.4482,1028.3132,1.46066
378,375.58,9.2553,34.4519,1028.3587,1.46453
379,376.573,9.106,34.4687,1028.4017,1.46377
380,377.565,9.082,34.4686,1028.4101,1.45663
381,378.558,9.067,34.4678,1028.4165,1.45935
382,379.551,9.0493,34.4674,1028.4237,1.45604
383,380.543,9.0226,34.4685,1028.4336,1.44875
384,381.536,8.9839,34.4702,1028.4458,1.43932
385,382.529,8.8753,34.4724,1028.4702,1.43437
386,383.521,8.732,34.4861,1028.5091,1.43591
387,384.514,8.6713,34.4895,1028.5262,1.43111
388,385.507,8.6104,34.492,1028.5427,1.42745
389,386.499,8.561,34.4942,1028.557,1.42884
390,387.492,8.5263,34.496,1028.5686,1.42025
391,388.485,8.4558,34.4984,1028.5864,1.41824
392,389.477,8.4263,34.5003,1028.5973,1.41422
393,390.47,8.3875,34.5021,1028.6095,1.40801
394,391.462,8.3816,34.5023,1028.615,1.40637
395,392.455,8.3783,34.5013,1028.6194,1.39783
396,393.448,8.3736,34.5011,1028.6245,1.39521
397,394.44,8.3729,34.5006,1028.6287,1.39537
398,395.433,8.3718,34.5005,1028.6333,1.39451
399,396.426,8.3691,34.5003,1028.6381,1.39103
400,397.418,8.3666,34.4999,1028.6427,1.38596
401,398.411,8.3598,34.4997,1028.6482,1.38512
402,399.403,8.3355,34.4998,1028.6567,1.38481
403,400.396,8.3131,34.501,1028.6658,1.38564
404,401.388,8.3052,34.5024,1028.6727,1.38751
405,402.381,8.3045,34.5017,1028.6767,1.38456
406,403.373,8.303,34.5017,1028.6815,1.38184
407,404.366,8.3011,34.5016,1028.6863,1.37882
408,405.359,8.3012,34.5014,1028.6906,1.37796
409,406.351,8.2999,34.5011,1028.6951,1.37599
410,407.344,8.2949,34.5011,1028.7005,1.37646
411,408.336,8.2878,34.5018,1028.7066,1.37937
412,409.329,8.284,34.5018,1028.7118,1.37626
413,410.321,8.2831,34.5018,1028.7165,1.37392
414,411.314,8.2826,34.5014,1028.7208,1.37229
415,412.306,8.2819,34.5015,1028.7255,1.37448
416,413.299,8.2819,34.5014,1028.7299,1.37763
417,414.291,8.2814,34.5011,1028.7343,1.37633
418,415.284,8.2803,34.5013,1028.7392,1.37352
419,416.276,8.2795,34.501,1028.7436,1.37103
420,417.269,8.2787,34.5007,1028.748,1.37221
421,418.261,8.278,34.5008,1028.7527,1.37414
422,419.254,8.276,34.5009,1028.7576,1.37504
423,420.246,8.2755,34.501,1028.7623,1.37317
424,421.239,8.2749,34.5011,1028.767,1.37356
425,422.231,8.2675,34.5012,1028.7728,1.37288
426,423.224,8.2634,34.5017,1028.7783,1.37225
427,424.216,8.2628,34.5015,1028.7828,1.37301
428,425.209,8.2608,34.5014,1028.7876,1.3727
429,426.201,8.2545,34.5015,1028.7932,1.37403
430,427.194,8.2401,34.5019,1028.8004,1.37457
431,428.186,8.221,34.5028,1028.8087,1.37385
432,429.178,8.1944,34.5048,1028.8189,1.37343
433,430.171,8.1848,34.5057,1028.8258,1.37482
434,431.163,8.184,34.5057,1028.8304,1.37485
435,432.156,8.1825,34.5055,1028.835,1.37349
436,433.148,8.1781,34.5053,1028.8401,1.37413
437,434.14,8.163,34.5064,1028.8479,1.37718
438,435.133,8.1629,34.5065,1028.8525,1.37738
439,436.125,8.1604,34.5064,1028.8573,1.37554
440,437.118,8.1581,34.5065,1028.8624,1.3738
441,438.11,8.1547,34.5066,1028.8675,1.37419
442,439.103,8.1498,34.5069,1028.873,1.37432
443,440.095,8.1455,34.5069,1028.8782,1.37691
444,441.088,8.1399,34.5072,1028.8839,1.37468
445,442.08,8.1328,34.5076,1028.8898,1.37466
446,443.072,8.1283,34.508,1028.8954,1.37653
447,444.065,8.1194,34.5079,1028.9012,1.37437
448,445.057,8.0823,34.5101,1028.9134,1.37523
449,446.049,8.0695,34.5114,1028.921,1.37128
450,447.041,8.0569,34.5116,1028.9277,1.373
451,448.034,8.0409,34.5128,1028.9357,1.37626
452,449.026,8.0255,34.5135,1028.9432,1.37549
453,450.019,8.0145,34.5141,1028.9499,1.37331
454,451.011,7.999,34.5147,1028.9574,1.37324
455,452.003,7.9871,34.5157,1028.9646,1.3756
456,452.996,7.9783,34.5153,1028.9702,1.37618
457,453.988,7.9508,34.5173,1028.9807,1.37664
458,454.98,7.9344,34.5181,1028.9884,1.37335
459,455.973,7.9242,34.5186,1028.9949,1.37145
460,456.964,7.9085,34.519,1029.0023,1.37502
461,457.957,7.8843,34.5204,1029.0117,1.37758
462,458.949,7.85,34.5217,1029.0227,1.37736
463,459.942,7.8103,34.5245,1029.0356,1.37537
464,460.934,7.7616,34.5265,1029.0493,1.37696
465,461.926,7.7465,34.5276,1029.0571,1.3776
466,462.918,7.7349,34.5282,1029.0638,1.37803
467,463.911,7.7317,34.528,1029.0687,1.37805
468,464.903,7.7283,34.5277,1029.0736,1.37533
469,465.895,7.7261,34.5275,1029.0783,1.37978
470,466.887,7.7187,34.5274,1029.0839,1.37463
471,467.88,7.7173,34.5277,1029.0889,1.37546
472,468.872,7.7147,34.5274,1029.0935,1.37866
473,469.864,7.6962,34.5271,1029.1008,1.37674
474,470.857,7.6688,34.5299,1029.1117,1.3774
475,471.849,7.6661,34.5292,1029.1161,1.37508
476,472.841,7.6421,34.5292,1029.1244,1.3758
477,473.833,7.6066,34.5323,1029.1369,1.37811
478,474.826,7.6006,34.5326,1029.1426,1.37807
479,475.818,7.5905,34.5325,1029.1486,1.37824
480,476.81,7.581,34.5328,1029.1548,1.37894
481,477.802,7.5695,34.5317,1029.1602,1.37326
482,478.794,7.5209,34.5349,1029.1748,1.37696
483,479.787,7.5113,34.5362,1029.1818,1.38044
484,480.779,7.5094,34.5359,1029.1865,1.38094
485,481.771,7.5086,34.5355,1029.1908,1.37956
486,482.763,7.5078,34.5351,1029.1952,1.37794
487,483.755,7.5076,34.5351,1029.1997,1.3818
488,484.748,7.5074,34.5351,1029.2042,1.38267
489,485.74,7.5069,34.5349,1029.2087,1.38014
490,486.732,7.5052,34.5349,1029.2135,1.37782
491,487.724,7.5035,34.5349,1029.2183,1.37624
492,488.716,7.5024,34.5348,1029.2229,1.3815
493,489.708,7.5018,34.5349,1029.2276,1.38066
494,490.7,7.501,34.5347,1029.2321,1.37978
495,491.693,7.5007,34.5348,1029.2367,1.37786
496,492.685,7.4997,34.5347,1029.2414,1.38012
497,493.676,7.4982,34.5348,1029.2462,1.38181
498,494.669,7.4954,34.5349,1029.2512,1.38149
499,495.661,7.4947,34.5349,1029.2559,1.37837
500,496.653,7.4932,34.5349,1029.2607,1.382
501,497.645,7.4907,34.535,1029.2657,1.38149
502,498.637,7.4883,34.5351,1029.2706,1.3806
503,499.629,7.486,34.5346,1029.2751,1.37866
504,500.621,7.4619,34.5358,1029.2843,1.38097
505,501.614,7.4505,34.5359,1029.2907,1.38008
506,502.605,7.4421,34.5365,1029.297,1.38065
507,503.598,7.405,34.5367,1029.3073,1.38221
508,504.59,7.3903,34.5382,1029.3153,1.37972
509,505.582,7.394,34.538,1029.3192,1.38367
510,506.574,7.3884,34.537,1029.3238,1.383
511,507.566,7.3789,34.5382,1029.3306,1.3827
512,508.558,7.3659,34.5372,1029.3364,1.38255
513,509.55,7.3215,34.5398,1029.3498,1.38348
514,510.542,7.3048,34.54,1029.357,1.38586
515,511.534,7.2654,34.5398,1029.3675,1.38317
516,512.526,7.2269,34.5424,1029.3799,1.38085
517,513.518,7.2107,34.5426,1029.387,1.38639
518,514.51,7.1804,34.5428,1029.3963,1.38814
519,515.502,7.1593,34.5444,1029.4053,1.38407
520,516.494,7.1541,34.5442,1029.4105,1.38555
521,517.486,7.1489,34.5437,1029.4154,1.38449
522,518.478,7.1279,34.5441,1029.4234,1.38343
523,519.47,7.1158,34.5447,1029.4302,1.38683
524,520.462,7.1122,34.5446,1029.4353,1.38619
525,521.454,7.1057,34.5442,1029.4405,1.38476
526,522.446,7.095,34.545,1029.4472,1.38701
527,523.438,7.0926,34.545,1029.4521,1.38417
528,524.43,7.0922,34.5447,1029.4565,1.38668
529,525.422,7.0912,34.5445,1029.461,1.37979
530,526.414,7.0882,34.5443,1029.4658,1.38434
531,527.406,7.0831,34.5444,1029.4712,1.38608
532,528.398,7.0813,34.5444,1029.4761,1.38556
533,529.39,7.0747,34.5443,1029.4815,1.38706
534,530.382,7.0714,34.5444,1029.4866,1.38668
535,531.374,7.0676,34.5442,1029.4916,1.38607
536,532.366,7.0602,34.5444,1029.4974,1.3839
537,533.358,7.0557,34.5447,1029.5028,1.38663
538,534.35,7.0543,34.5445,1029.5074,1.38446
539,535.342,7.0526,34.5443,1029.512,1.38593
540,536.334,7.0467,34.5442,1029.5174,1.38912
541,537.326,7.0403,34.5446,1029.5232,1.38751
542,538.317,7.038,34.5447,1029.5282,1.38497
543,539.309,7.0276,34.5443,1029.5339,1.38681
544,540.301,7.017,34.5445,1029.5402,1.39123
545,541.293,7.0042,34.5448,1029.547,1.38873
546,542.285,6.9917,34.545,1029.5535,1.38573
547,543.277,6.9771,34.5458,1029.5608,1.38542
548,544.269,6.969,34.546,1029.5668,1.38552
549,545.261,6.9646,34.5462,1029.5721,1.38305
550,546.253,6.9601,34.5459,1029.5771,1.38339
551,547.245,6.9533,34.5461,1029.5828,1.38753
552,548.236,6.9485,34.5462,1029.5881,1.38799
553,549.228,6.9463,34.5461,1029.5929,1.38707
554,550.22,6.9368,34.5461,1029.5989,1.38845
555,551.212,6.9323,34.5464,1029.6043,1.38909
556,552.204,6.925,34.5466,1029.6101,1.38692
557,553.196,6.9178,34.5466,1029.6157,1.38448
558,554.187,6.9071,34.5465,1029.6218,1.3902
559,555.179,6.8963,34.5471,1029.6284,1.39234
560,556.171,6.8898,34.5473,1029.634,1.38559
561,557.163,6.8848,34.5476,1029.6396,1.38341
562,558.155,6.882,34.5474,1029.6444,1.38723
563,559.146,6.8739,34.5462,1029.6492,1.39022
564,560.138,6.8457,34.5483,1029.6596,1.39332
565,561.13,6.8415,34.5485,1029.6649,1.38977
566,562.122,6.8393,34.5484,1029.6697,1.38712
567,563.114,6.8373,34.5483,1029.6744,1.38919
568,564.106,6.8365,34.5481,1029.679,1.38803
569,565.097,6.8308,34.5479,1029.6842,1.38623
570,566.089,6.8248,34.5482,1029.6899,1.38889
571,567.081,6.8217,34.5483,1029.6949,1.38738
572,568.073,6.8161,34.5479,1029.7,1.38657
573,569.064,6.8051,34.5485,1029.7067,1.38768
574,570.056,6.8005,34.5487,1029.712,1.38417
575,571.048,6.7974,34.5487,1029.717,1.38805
576,572.04,6.7962,34.5487,1029.7217,1.38632
577,573.032,6.7947,34.5486,1029.7264,1.38689
578,574.023,6.7933,34.5486,1029.7312,1.38562
579,575.015,6.7918,34.5486,1029.7359,1.38312
580,576.007,6.7903,34.5486,1029.7407,1.38392
581,576.998,6.7869,34.5487,1029.7458,1.38327
582,577.99,6.7849,34.5486,1029.7506,1.38555
583,578.982,6.7797,34.5484,1029.7557,1.38685
584,579.974,6.7742,34.5489,1029.7615,1.3878
585,580.965,6.767,34.5487,1029.7669,1.39078
586,581.957,6.7566,34.5492,1029.7734,1.38554
587,582.949,6.7494,34.549,1029.7789,1.38465
588,583.94,6.7339,34.5499,1029.7864,1.38791
589,584.932,6.7246,34.55,1029.7924,1.39022
590,585.924,6.7192,34.5502,1029.7979,1.38589
591,586.915,6.7107,34.5502,1029.8037,1.38586
592,587.907,6.7036,34.5506,1029.8096,1.3876
593,588.899,6.701,34.5506,1029.8145,1.3894
594,589.89,6.691,34.55,1029.8201,1.38403
595,590.882,6.6758,34.5508,1029.8275,1.38243
596,591.874,6.6626,34.5516,1029.8346,1.38463
597,592.865,6.6616,34.5516,1029.8393,1.38225
598,593.857,6.6551,34.5507,1029.8441,1.38197
599,594.849,6.64,34.5519,1029.8518,1.38342
600,595.84,6.6316,34.5517,1029.8574,1.38597
601,596.832,6.6272,34.5521,1029.8629,1.38312
602,597.824,6.6231,34.552,1029.868,1.38641
603,598.815,6.6138,34.5523,1029.8741,1.38818
604,599.807,6.6092,34.5522,1029.8793,1.38791
605,600.798,6.6052,34.5523,1029.8844,1.38348
606,601.79,6.6037,34.5524,1029.8893,1.37898
607,602.782,6.6028,34.5524,1029.894,1.38231
608,603.773,6.5978,34.5521,1029.899,1.38628
609,604.765,6.5915,34.5524,1029.9047,1.38145
610,605.756,6.5868,34.5522,1029.9098,1.38088
611,606.748,6.5812,34.5525,1029.9154,1.38487
612,607.74,6.5765,34.5526,1029.9208,1.38322
613,608.731,6.5694,34.5527,1029.9264,1.3832
614,609.723,6.5661,34.5529,1029.9315,1.38198
615,610.714,6.5658,34.5528,1029.936,1.38167
616,611.706,6.5652,34.5526,1029.9406,1.38319
617,612.698,6.5648,34.5526,1029.9452,1.38176
618,613.689,6.5642,34.5528,1029.9499,1.37463
619,614.681,6.5635,34.5526,1029.9544,1.38125
620,615.672,6.562,34.5525,1029.9591,1.38261
621,616.664,6.5614,34.5526,1029.9638,1.377
622,617.655,6.5614,34.5525,1029.9682,1.38013
623,618.647,6.5613,34.5523,1029.9727,1.37595
624,619.638,6.5607,34.5524,1029.9773,1.37784
625,620.63,6.5597,34.5525,1029.9821,1.37984
626,621.621,6.5568,34.5523,1029.9869,1.37793
627,622.613,6.5514,34.5524,1029.9923,1.37775
628,623.604,6.5487,34.5526,1029.9975,1.37695
629,624.596,6.5456,34.5527,1030.0025,1.37651
630,625.587,6.5436,34.5526,1030.0073,1.37314
631,626.579,6.5417,34.5528,1030.0122,1.37781
632,627.57,6.54,34.5527,1030.017,1.37295
633,628.562,6.5387,34.5527,1030.0217,1.3766
634,629.553,6.5379,34.5528,1030.0264,1.37181
635,630.545,6.5361,34.5528,1030.0312,1.37122
636,631.536,6.5338,34.5528,1030.0361,1.38213
637,632.528,6.53,34.5527,1030.0411,1.38096
638,633.519,6.5202,34.553,1030.0473,1.37134
639,634.51,6.5068,34.5536,1030.0543,1.37288
640,635.502,6.4988,34.5538,1030.0601,1.37497
641,636.493,6.4987,34.5539,1030.0648,1.3761
642,637.485,6.4979,34.5536,1030.0692,1.37633
643,638.476,6.4902,34.5538,1030.0751,1.37693
644,639.468,6.4856,34.554,1030.0804,1.37875
645,640.459,6.4831,34.5541,1030.0854,1.37115
646,641.451,6.4826,34.5539,1030.0898,1.37362
647,642.442,6.4755,34.5537,1030.0953,1.3804
648,643.434,6.4697,34.5545,1030.1013,1.37871
649,644.425,6.468,34.5543,1030.1059,1.3757
650,645.416,6.4639,34.5546,1030.1113,1.37654
651,646.408,6.461,34.5542,1030.116,1.36878
652,647.399,6.4398,34.5542,1030.1236,1.37269
653,648.39,6.4123,34.5552,1030.133,1.37444
654,649.382,6.3956,34.5566,1030.1411,1.37445
655,650.373,6.3906,34.5566,1030.1463,1.37579
656,651.364,6.3883,34.5564,1030.151,1.37642
657,652.356,6.3845,34.5562,1030.156,1.37802
658,653.347,6.3753,34.5564,1030.162,1.37861
659,654.339,6.3725,34.5562,1030.1668,1.37863
660,655.33,6.3684,34.5565,1030.1722,1.37819
661,656.321,6.3626,34.5563,1030.1774,1.3775
662,657.313,6.3574,34.5571,1030.1833,1.37822
663,658.304,6.3529,34.5567,1030.1883,1.37936
664,659.295,6.351,34.5568,1030.1931,1.37754
665,660.287,6.3494,34.5569,1030.198,1.37623
666,661.278,6.3454,34.5568,1030.203,1.37844
667,662.269,6.3395,34.557,1030.2086,1.37556
668,663.261,6.3375,34.557,1030.2134,1.37404
669,664.252,6.3322,34.5566,1030.2184,1.38004
670,665.243,6.3282,34.5571,1030.2239,1.37776
671,666.235,6.3257,34.5573,1030.229,1.3744
672,667.226,6.3235,34.5572,1030.2337,1.37857
673,668.217,6.3229,34.5571,1030.2383,1.37887
674,669.208,6.3213,34.557,1030.243,1.37646
675,670.2,6.3193,34.5569,1030.2478,1.37507
676,671.191,6.3172,34.557,1030.2527,1.37496
677,672.182,6.3157,34.5571,1030.2575,1.37623
678,673.174,6.3144,34.557,1030.2622,1.37285
679,674.165,6.3116,34.5571,1030.2672,1.37565
680,675.156,6.3096,34.557,1030.272,1.37646
681,676.147,6.3034,34.557,1030.2774,1.3762
682,677.139,6.3001,34.5572,1030.2826,1.37475
683,678.13,6.2973,34.5574,1030.2876,1.37473
684,679.121,6.2962,34.5574,1030.2924,1.37262
685,680.112,6.2952,34.5574,1030.2971,1.37847
686,681.104,6.2951,34.5573,1030.3015,1.37906
687,682.095,6.2949,34.5572,1030.306,1.37654
688,683.086,6.2943,34.5572,1030.3106,1.376
689,684.077,6.2899,34.5571,1030.3158,1.38093
690,685.068,6.2834,34.5573,1030.3214,1.37817
691,686.06,6.2799,34.5574,1030.3265,1.37085
692,687.051,6.2706,34.5573,1030.3323,1.37277
693,688.042,6.2488,34.5583,1030.3408,1.38127
694,689.033,6.2412,34.5585,1030.3467,1.37516
695,690.024,6.2373,34.5589,1030.352,1.37704
696,691.016,6.2403,34.5584,1030.3558,1.37712
697,692.007,6.2295,34.5583,1030.3618,1.37945
698,692.998,6.2262,34.5588,1030.3671,1.37644
699,693.989,6.2237,34.5587,1030.372,1.37818
700,694.98,6.2213,34.5588,1030.377,1.37849
701,695.972,6.2207,34.5587,1030.3816,1.37528
702,696.962,6.2197,34.5586,1030.3861,1.37083
703,697.954,6.2183,34.5586,1030.3909,1.37432
704,698.945,6.2137,34.5585,1030.396,1.37835
705,699.936,6.209,34.5588,1030.4015,1.37846
706,700.927,6.204,34.5589,1030.4068,1.86458
707,701.918,6.1938,34.559,1030.4129,1.54389
708,702.909,6.1853,34.5592,1030.4189,1.12099
709,703.901,6.1831,34.5596,1030.424,1.36729
710,704.892,6.1825,34.5589,1030.4281,1.37585
711,705.883,6.1745,34.5594,1030.4342,1.38048
712,706.874,6.1717,34.5595,1030.4392,1.38343
713,707.865,6.1698,34.5596,1030.4441,1.38488
714,708.856,6.1681,34.5597,1030.4489,1.38497
715,709.847,6.1671,34.5595,1030.4535,1.38677
716,710.838,6.1668,34.5595,1030.458,1.39037
717,711.829,6.1656,34.5593,1030.4626,1.39074
718,712.821,6.1665,34.5593,1030.467,1.38919
719,713.812,6.1664,34.5594,1030.4717,1.38476
720,714.802,6.1658,34.5593,1030.4762,1.3796
721,715.794,6.1629,34.5591,1030.481,1.38898
722,716.785,6.1605,34.5594,1030.4861,1.38862
723,717.776,6.159,34.5593,1030.4908,1.37896
724,718.767,6.1582,34.5596,1030.4957,1.38235
725,719.758,6.1576,34.5593,1030.5001,1.38455
726,720.749,6.1565,34.5594,1030.5049,1.38433
727,721.74,6.1547,34.5592,1030.5095,1.3813
728,722.731,6.1522,34.5595,1030.5146,1.37871
729,723.722,6.1507,34.5595,1030.5194,1.38181
730,724.713,6.149,34.5597,1030.5243,1.38372
731,725.704,6.1487,34.5594,1030.5287,1.38357
732,726.695,6.1476,34.5594,1030.5334,1.38347
733,727.686,6.1462,34.5595,1030.5382,1.37704
734,728.677,6.1455,34.5596,1030.5429,1.3797
735,729.668,6.142,34.5594,1030.5478,1.37675
736,730.659,6.1392,34.5595,1030.5528,1.37338
737,731.65,6.1341,34.5597,1030.5583,1.37907
738,732.641,6.1309,34.5599,1030.5635,1.3791
739,733.632,6.13,34.5599,1030.5681,1.37661
740,734.623,6.1302,34.5597,1030.5725,1.37888
741,735.614,6.1299,34.5595,1030.5769,1.37737
742,736.605,6.1276,34.5597,1030.5819,1.37252
743,737.596,6.1248,34.56,1030.5871,1.37525
744,738.587,6.124,34.56,1030.5918,1.37471
745,739.578,6.1239,34.5599,1030.5962,1.37319
746,740.569,6.1233,34.5598,1030.6008,1.37721
747,741.56,6.1228,34.5597,1030.6053,1.37642
748,742.551,6.1196,34.5599,1030.6104,1.37444
749,743.542,6.1205,34.5599,1030.6149,1.36832
750,744.533,6.1185,34.56,1030.6197,1.37117
751,745.523,6.1182,34.5599,1030.6242,1.37227
752,746.514,6.117,34.56,1030.6291,1.37274
753,747.505,6.1169,34.5599,1030.6335,1.37362
754,748.496,6.1166,34.5598,1030.638,1.36808
755,749.487,6.1171,34.5599,1030.6426,1.36961
756,750.478,6.1175,34.5599,1030.6471,1.37129
757,751.469,6.1168,34.5599,1030.6517,1.37013
758,752.46,6.1172,34.5598,1030.6561,1.36956
759,753.451,6.1161,34.5599,1030.6608,1.36396
760,754.442,6.1151,34.5598,1030.6654,1.36686
761,755.432,6.1121,34.5598,1030.6705,1.36845
762,756.423,6.0966,34.5604,1030.6777,1.36974
763,757.414,6.0834,34.5598,1030.6837,1.37082
764,758.405,6.0687,34.5616,1030.6917,1.37107
765,759.396,6.068,34.5613,1030.6962,1.37121
766,760.387,6.0638,34.5615,1030.7015,1.37137
767,761.378,6.0602,34.5615,1030.7065,1.36942
768,762.368,6.055,34.5612,1030.7116,1.36537
769,763.359,6.0507,34.5617,1030.7171,1.36417
770,764.35,6.052,34.5614,1030.7213,1.36699
771,765.341,6.0523,34.5614,1030.7257,1.36823
772,766.332,6.0505,34.5616,1030.7307,1.36193
773,767.323,6.0418,34.5607,1030.7358,1.36193
774,768.313,6.0241,34.5622,1030.7441,1.36716
775,769.304,6.0238,34.5622,1030.7487,1.36778
776,770.295,6.0188,34.5618,1030.7536,1.36779
777,771.286,6.01,34.5624,1030.7598,1.36784
778,772.277,6.0035,34.5625,1030.7654,1.36438
779,773.267,6.0011,34.5627,1030.7705,1.36361
780,774.258,5.9993,34.5627,1030.7753,1.36135
781,775.249,5.9976,34.5626,1030.78,1.36258
782,776.24,5.9963,34.5625,1030.7846,1.35911
783,777.231,5.9947,34.5625,1030.7894,1.36092
784,778.221,5.9925,34.5625,1030.7942,1.36053
785,779.212,5.9929,34.5626,1030.7988,1.36178
786,780.203,5.9934,34.5627,1030.8033,1.36194
787,781.194,5.9963,34.5623,1030.8071,1.36228
788,782.184,5.9947,34.5623,1030.8119,1.36429
789,783.175,5.992,34.5623,1030.8168,1.36229
790,784.166,5.9917,34.5624,1030.8215,1.35845
791,785.156,5.9911,34.5624,1030.8261,1.35833
792,786.147,5.99,34.5625,1030.8308,1.36042
793,787.138,5.99,34.5624,1030.8354,1.36151
794,788.129,5.9907,34.5622,1030.8396,1.35721
795,789.12,5.9893,34.5622,1030.8443,1.36033
796,790.11,5.9871,34.5623,1030.8493,1.36543
797,791.101,5.9859,34.5624,1030.854,1.36341
798,792.092,5.9839,34.5625,1030.859,1.36
799,793.082,5.9819,34.5627,1030.8639,1.35921
800,794.073,5.9808,34.5625,1030.8685,1.36261
801,795.064,5.9791,34.5625,1030.8733,1.36225
802,796.054,5.9769,34.5625,1030.8782,1.35897
803,797.045,5.9748,34.5624,1030.8829,1.35985
804,798.036,5.9663,34.5624,1030.8886,1.36095
805,799.026,5.9516,34.5631,1030.8959,1.36143
806,800.017,5.9433,34.5635,1030.9019,1.36286
807,801.008,5.9373,34.5636,1030.9074,1.36069
808,801.998,5.93,34.5638,1030.9131,1.36003
809,802.989,5.9268,34.5641,1030.9184,1.36187
810,803.98,5.9188,34.5634,1030.9236,1.36004
811,804.97,5.888,34.5641,1030.9331,1.35753
812,805.961,5.8636,34.5654,1030.9422,1.35647
813,806.952,5.8541,34.5662,1030.9487,1.35494
814,807.942,5.8513,34.5658,1030.9533,1.35239
815,808.933,5.8386,34.5661,1030.9598,1.35753
816,809.924,5.8203,34.5661,1030.967,1.3591
817,810.914,5.7996,34.5665,1030.9749,1.35481
818,811.905,5.7741,34.5664,1030.983,1.35371
819,812.895,5.7393,34.5684,1030.9941,1.35765
820,813.886,5.7219,34.5686,1031.0013,1.35863
821,814.877,5.6872,34.5696,1031.0115,1.35448
822,815.867,5.6665,34.5708,1031.02,1.35198
823,816.858,5.6594,34.5707,1031.0254,1.35694
824,817.848,5.6538,34.5702,1031.0303,1.35305
825,818.839,5.6427,34.5704,1031.0366,1.34968
826,819.829,5.6333,34.5706,1031.0427,1.35275
827,820.82,5.6235,34.5701,1031.0482,1.34761
828,821.811,5.6043,34.5714,1031.0565,1.34955
829,822.801,5.598,34.5714,1031.0619,1.34972
830,823.792,5.5805,34.5702,1031.0679,1.34755
831,824.782,5.532,34.5715,1031.0804,1.35319
832,825.773,5.5125,34.5741,1031.0897,1.35224
833,826.763,5.5012,34.5725,1031.0946,1.3472
834,827.754,5.4738,34.5741,1031.1043,1.34723
835,828.744,5.4579,34.5746,1031.1114,1.34777
836,829.735,5.4449,34.5747,1031.1178,1.34631
837,830.725,5.4307,34.5738,1031.1236,1.34736
838,831.716,5.3808,34.5735,1031.135,1.34428
839,832.706,5.3096,34.5773,1031.1524,1.34548
840,833.697,5.2873,34.5795,1031.1617,1.34513
841,834.687,5.2805,34.5793,1031.167,1.34526
842,835.678,5.2764,34.5789,1031.1718,1.34583
843,836.668,5.2719,34.5784,1031.1766,1.34083
844,837.659,5.2665,34.5782,1031.1817,1.33954
845,838.649,5.2617,34.578,1031.1868,1.34201
846,839.64,5.2524,34.5778,1031.1925,1.33438
847,840.63,5.2444,34.5783,1031.1986,1.33511
848,841.621,5.227,34.5776,1031.2049,1.33742
849,842.611,5.2076,34.5793,1031.2135,1.33874
850,843.602,5.1944,34.5789,1031.2196,1.33603
851,844.592,5.1878,34.5793,1031.2253,1.33575
852,845.583,5.1835,34.5793,1031.2304,1.34043
853,846.573,5.1735,34.5785,1031.2358,1.33199
854,847.563,5.1603,34.5799,1031.2432,1.32959
855,848.554,5.1565,34.5795,1031.2479,1.33605
856,849.544,5.1524,34.5794,1031.253,1.33349
857,850.535,5.1489,34.5796,1031.2582,1.33029
858,851.525,5.1507,34.5792,1031.2622,1.33242
859,852.516,5.1496,34.5789,1031.2666,1.33376
860,853.506,5.146,34.5788,1031.2716,1.33116
861,854.496,5.1449,34.5789,1031.2764,1.32856
862,855.487,5.1427,34.5791,1031.2813,1.33124
863,856.477,5.1418,34.5789,1031.2859,1.33334
864,857.468,5.1409,34.5789,1031.2905,1.33237
865,858.458,5.1415,34.579,1031.2951,1.33191
866,859.448,5.1437,34.5786,1031.299,1.33158
867,860.439,5.1439,34.5785,1031.3034,1.32749
868,861.429,5.1439,34.5784,1031.3079,1.32826
869,862.419,5.1437,34.5783,1031.3124,1.32947
870,863.41,5.1422,34.5782,1031.3171,1.33193
871,864.4,5.1421,34.5783,1031.3217,1.33082
872,865.391,5.1419,34.5782,1031.3263,1.33027
873,866.381,5.1424,34.578,1031.3306,1.32991
874,867.371,5.1423,34.578,1031.3351,1.33054
875,868.362,5.1419,34.578,1031.3398,1.33075
876,869.352,5.1416,34.578,1031.3443,1.32853
877,870.342,5.142,34.5781,1031.3489,1.32586
878,871.333,5.1413,34.5779,1031.3533,1.32678
879,872.323,5.1399,34.5778,1031.3581,1.33142
880,873.313,5.1391,34.578,1031.3629,1.33152
881,874.303,5.1301,34.5767,1031.3676,1.32742
882,875.294,5.102,34.5797,1031.3784,1.33219
883,876.284,5.0909,34.5784,1031.3835,1.33173
884,877.274,5.0812,34.5806,1031.391,1.33005
885,878.265,5.073,34.5791,1031.3955,1.33186
886,879.255,5.0688,34.5803,1031.4016,1.32716
887,880.245,5.0661,34.5801,1031.4063,1.33094
888,881.236,5.0599,34.5801,1031.4118,1.32914
889,882.226,5.0578,34.5797,1031.4163,1.32561
890,883.216,5.0376,34.5808,1031.4245,1.33173
891,884.206,5.0327,34.5789,1031.4282,1.32939
892,885.196,5.0012,34.5817,1031.4392,1.33116
893,886.187,4.9927,34.582,1031.4451,1.32502
894,887.177,4.9883,34.5822,1031.4505,1.32406
895,888.167,4.9848,34.5819,1031.4553,1.32918
896,889.157,4.982,34.5818,1031.4602,1.33007
897,890.148,4.9786,34.5818,1031.4651,1.32981
898,891.138,4.974,34.5819,1031.4704,1.32897
899,892.128,4.97,34.5818,1031.4754,1.32126
900,893.118,4.961,34.5821,1031.4815,1.32362
901,894.109,4.9566,34.5819,1031.4864,1.32812
902,895.099,4.9442,34.5822,1031.4928,1.3258
903,896.089,4.9399,34.5826,1031.4983,1.32447
904,897.079,4.9369,34.5826,1031.5033,1.32252
905,898.069,4.9332,34.5823,1031.5081,1.3217
906,899.06,4.9287,34.5827,1031.5135,1.3245
907,900.05,4.9269,34.5825,1031.5182,1.32633
908,901.04,4.9202,34.5821,1031.5234,1.32506
909,902.031,4.9128,34.5828,1031.5295,1.327
910,903.021,4.9037,34.5829,1031.5354,1.32596
911,904.011,4.8915,34.5836,1031.5421,1.32106
912,905.001,4.8832,34.5836,1031.5477,1.32021
913,905.991,4.8778,34.5837,1031.5531,1.32497
914,906.981,4.8739,34.5838,1031.5583,1.32546
915,907.971,4.8722,34.5836,1031.5629,1.32576
916,908.961,4.8698,34.5838,1031.5679,1.32357
917,909.952,4.8676,34.5838,1031.5728,1.32035
918,910.942,4.8668,34.5836,1031.5773,1.3194
919,911.932,4.8676,34.5835,1031.5816,1.32494
920,912.922,4.8676,34.5833,1031.5861,1.3266
921,913.912,4.8669,34.5834,1031.5907,1.3245
922,914.902,4.8641,34.5834,1031.5957,1.32209
923,915.892,4.8618,34.5835,1031.6006,1.32321
924,916.882,4.861,34.5835,1031.6053,1.32357
925,917.873,4.8611,34.5834,1031.6097,1.32193
926,918.863,4.8568,34.5828,1031.6144,1.32346
927,919.853,4.851,34.5837,1031.6205,1.32211
928,920.843,4.842,34.5836,1031.6261,1.32462
929,921.833,4.8327,34.5841,1031.6323,1.32792
930,922.823,4.8303,34.5841,1031.6372,1.32297
931,923.813,4.8259,34.5842,1031.6424,1.32239
932,924.803,4.8231,34.5843,1031.6475,1.3232
933,925.793,4.8201,34.5841,1031.6523,1.32274
934,926.783,4.8162,34.5843,1031.6575,1.32267
935,927.773,4.8154,34.5842,1031.6621,1.32391
936,928.764,4.8134,34.5843,1031.6669,1.32209
937,929.753,4.8124,34.5843,1031.6716,1.32318
938,930.743,4.8098,34.5842,1031.6764,1.32577
939,931.733,4.8059,34.5844,1031.6817,1.32279
940,932.724,4.8005,34.5846,1031.6871,1.32327
941,933.714,4.7988,34.5845,1031.6918,1.32487
942,934.704,4.7946,34.5845,1031.6969,1.32575
943,935.694,4.7922,34.5847,1031.702,1.32414
944,936.684,4.7917,34.5845,1031.7065,1.3268
945,937.674,4.7901,34.5847,1031.7114,1.32106
946,938.664,4.788,34.5847,1031.7162,1.31983
947,939.654,4.785,34.5848,1031.7212,1.32175
948,940.644,4.781,34.5845,1031.7261,1.32387
949,941.634,4.7706,34.5845,1031.732,1.32585
950,942.624,4.7562,34.5857,1031.7395,1.3277
951,943.614,4.7537,34.5857,1031.7444,1.32242
952,944.604,4.7473,34.5857,1031.7497,1.32459
953,945.594,4.7458,34.5859,1031.7546,1.32462
954,946.583,4.7449,34.5856,1031.7591,1.32603
955,947.574,4.7436,34.5856,1031.7638,1.32138
956,948.564,4.7426,34.5856,1031.7685,1.32677
957,949.554,4.7417,34.5857,1031.7732,1.32462
958,950.544,4.7405,34.5857,1031.778,1.32509
959,951.533,4.7395,34.5856,1031.7825,1.3182
960,952.523,4.7392,34.5856,1031.7872,1.32532
961,953.513,4.739,34.5855,1031.7916,1.33053
962,954.503,4.7383,34.5856,1031.7963,1.32388
963,955.493,4.738,34.5855,1031.8009,1.31783
964,956.483,4.7376,34.5856,1031.8056,1.32593
965,957.473,4.7372,34.5856,1031.8101,1.32723
966,958.463,4.7369,34.5855,1031.8146,1.32765
967,959.453,4.7367,34.5854,1031.8192,1.32218
968,960.443,4.7374,34.5855,1031.8237,1.3244
969,961.432,4.7371,34.5854,1031.8282,1.32144
970,962.423,4.7353,34.5855,1031.8331,1.325
971,963.412,4.7351,34.5854,1031.8376,1.3286
972,964.402,4.733,34.5853,1031.8423,1.32365
973,965.392,4.7257,34.5856,1031.8481,1.32251
974,966.382,4.7241,34.5858,1031.853,1.32957
975,967.372,4.7239,34.5857,1031.8575,1.32856
976,968.362,4.7219,34.5857,1031.8623,1.3232
977,969.352,4.7174,34.5859,1031.8676,1.31899
978,970.341,4.715,34.5861,1031.8727,1.32918
979,971.331,4.7122,34.5859,1031.8774,1.32712
980,972.321,4.7111,34.5858,1031.882,1.3253
981,973.311,4.7078,34.5858,1031.8871,1.32642
982,974.301,4.7033,34.5863,1031.8926,1.32467
983,975.291,4.7011,34.5863,1031.8974,1.32051
984,976.281,4.6977,34.5862,1031.9023,1.32712
985,977.27,4.6903,34.5862,1031.9079,1.3276
986,978.26,4.6818,34.5864,1031.9137,1.32381
987,979.25,4.6679,34.5871,1031.9208,1.32614
988,980.24,4.6605,34.5872,1031.9263,1.32769
989,981.23,4.6439,34.5873,1031.9332,1.32723
990,982.219,4.6131,34.5876,1031.9422,1.32647
991,983.209,4.587,34.5897,1031.9519,1.32394
992,984.199,4.5805,34.5895,1031.9571,1.32179
993,985.189,4.5592,34.5896,1031.9646,1.32359
994,986.178,4.5457,34.5909,1031.972,1.32881
995,987.168,4.5435,34.5904,1031.9765,1.32588
996,988.158,4.5404,34.5902,1031.9813,1.32783
997,989.148,4.5375,34.5902,1031.9862,1.32135
998,990.138,4.5338,34.5899,1031.991,1.3206
999,991.127,4.5291,34.5903,1031.9965,1.32458
1000,992.117,4.5285,34.5903,1032.0011,1.32204
1001,993.107,4.5281,34.5903,1032.0057,1.3201
1002,994.097,4.5276,34.59,1032.0101,1.33097
1003,995.086,4.5271,34.59,1032.0147,1.32212
1004,996.076,4.5251,34.5898,1032.0194,1.3187
1005,997.066,4.5186,34.5901,1032.025,1.32026
1006,998.056,4.5145,34.5903,1032.0303,1.32354
1007,999.045,4.512,34.5903,1032.0352,1.3239