,Cruise,Station,Type,mon/day/yr,hh:mm,Longitude,Latitude ,Depth[m] ,QF,Temperature[deg_C] ,QF.1,Salinity[PSU] ,QF\,density[kg/m3]
0,ct4-9908-04,130,C,7/28/04,18:57,-163.613,42.696000000000005,5,0,14.465,0,33.2279,0,1024.7480578398206
1,ct4-9908-04,130,C,7/28/04,18:57,-163.613,42.696000000000005,6,0,14.4388,0,33.2328,0,1024.7618391677975
2,ct4-9908-04,130,C,7/28/04,18:57,-163.613,42.696000000000005,7,0,14.4127,0,33.2377,0,1024.7755942448675
3,ct4-9908-04,130,C,7/28/04,18:57,-163.613,42.696000000000005,8,0,14.3865,0,33.2426,0,1024.78936528413
4,ct4-9908-04,130,C,7/28/04,18:57,-163.613,42.696000000000005,9,0,14.3604,0,33.2475,0,1024.8031101135848
5,ct4-9908-04,130,C,7/28/04,18:57,-163.613,42.696000000000005,10,0,14.3342,0,33.2523,0,1024.81679399721
6,ct4-9908-04,130,C,7/28/04,18:57,-163.613,42.696000000000005,11,0,14.308,0,33.2572,0,1024.8305531012768
7,ct4-9908-04,130,C,7/28/04,18:57,-163.613,42.696000000000005,12,0,14.2819,0,33.2621,0,1024.8442860587397
8,ct4-9908-04,130,C,7/28/04,18:57,-163.613,42.696000000000005,13,0,14.2557,0,33.266999999999996,0,1024.858034863017
9,ct4-9908-04,130,C,7/28/04,18:57,-163.613,42.696000000000005,14,0,14.2296,0,33.2718,0,1024.8716804034827
10,ct4-9908-04,130,C,7/28/04,18:57,-163.613,42.696000000000005,15,0,14.2034,0,33.2767,0,1024.885418897916
11,ct4-9908-04,130,C,7/28/04,18:57,-163.613,42.696000000000005,16,0,14.1772,0,33.2816,0,1024.8991522265053
12,ct4-9908-04,130,C,7/28/04,18:57,-163.613,42.696000000000005,17,0,14.1511,0,33.2865,0,1024.912859511473
13,ct4-9908-04,130,C,7/28/04,18:57,-163.613,42.696000000000005,18,0,14.1249,0,33.2914,0,1024.9265825261816
14,ct4-9908-04,130,C,7/28/04,18:57,-163.613,42.696000000000005,19,0,14.0988,0,33.2962,0,1024.9402023579278
15,ct4-9908-04,130,C,7/28/04,18:57,-163.613,42.696000000000005,20,0,14.0726,0,33.3011,0,1024.9539230274531
16,ct4-9908-04,130,C,7/28/04,18:57,-163.613,42.696000000000005,21,0,14.0464,0,33.306,0,1024.9676807173653
17,ct4-9908-04,130,C,7/28/04,18:57,-163.613,42.696000000000005,22,0,14.0203,0,33.3109,0,1024.9814124875331
18,ct4-9908-04,130,C,7/28/04,18:57,-163.613,42.696000000000005,23,0,13.9941,0,33.3157,0,1024.995082692069
19,ct4-9908-04,130,C,7/28/04,18:57,-163.613,42.696000000000005,24,0,13.968,0,33.3206,0,1025.0088042123748
20,ct4-9908-04,130,C,7/28/04,18:57,-163.613,42.696000000000005,25,0,13.9418,0,33.3255,0,1025.0225413189671
21,ct4-9908-04,130,C,7/28/04,18:57,-163.613,42.696000000000005,26,0,13.8355,0,33.3561,0,1025.0726533094778
22,ct4-9908-04,130,C,7/28/04,18:57,-163.613,42.696000000000005,27,0,13.7292,0,33.3868,0,1025.1227510572019
23,ct4-9908-04,130,C,7/28/04,18:57,-163.613,42.696000000000005,28,0,13.623,0,33.4174,0,1025.1726595308487
24,ct4-9908-04,130,C,7/28/04,18:57,-163.613,42.696000000000005,29,0,13.5167,0,33.4481,0,1025.222574046557
25,ct4-9908-04,130,C,7/28/04,18:57,-163.613,42.696000000000005,30,0,13.2251,0,33.4518,0,1025.2888218089195
26,ct4-9908-04,130,C,7/28/04,18:57,-163.613,42.696000000000005,31,0,12.9335,0,33.4554,0,1025.3541490329453
27,ct4-9908-04,130,C,7/28/04,18:57,-163.613,42.696000000000005,32,0,12.642000000000001,0,33.4591,0,1025.4187233015305
28,ct4-9908-04,130,C,7/28/04,18:57,-163.613,42.696000000000005,33,0,12.3504,0,33.4628,0,1025.4825018831655
29,ct4-9908-04,130,C,7/28/04,18:57,-163.613,42.696000000000005,34,0,12.0588,0,33.4665,0,1025.54546030406
30,ct4-9908-04,130,C,7/28/04,18:57,-163.613,42.696000000000005,35,0,11.7673,0,33.4702,0,1025.6075751523265
31,ct4-9908-04,130,C,7/28/04,18:57,-163.613,42.696000000000005,36,0,11.4757,0,33.4739,0,1025.668879118205
32,ct4-9908-04,130,C,7/28/04,18:57,-163.613,42.696000000000005,37,0,11.1841,0,33.4776,0,1025.7293483486224
33,ct4-9908-04,130,C,7/28/04,18:57,-163.613,42.696000000000005,38,0,10.8925,0,33.4812,0,1025.7889000055347
34,ct4-9908-04,130,C,7/28/04,18:57,-163.613,42.696000000000005,39,0,10.600999999999999,0,33.4849,0,1025.8476671021726
35,ct4-9908-04,130,C,7/28/04,18:57,-163.613,42.696000000000005,40,0,10.3094,0,33.4886,0,1025.9055988847435
36,ct4-9908-04,130,C,7/28/04,18:57,-163.613,42.696000000000005,41,0,10.0178,0,33.4923,0,1025.9626688932667
37,ct4-9908-04,130,C,7/28/04,18:57,-163.613,42.696000000000005,42,0,9.9006,0,33.4655,0,1025.9660131561295
38,ct4-9908-04,130,C,7/28/04,18:57,-163.613,42.696000000000005,43,0,9.7835,0,33.4387,0,1025.9691903586518
39,ct4-9908-04,130,C,7/28/04,18:57,-163.613,42.696000000000005,44,0,9.6663,0,33.4119,0,1025.9722334474518
40,ct4-9908-04,130,C,7/28/04,18:57,-163.613,42.696000000000005,45,0,9.5491,0,33.3851,0,1025.975125243305
41,ct4-9908-04,130,C,7/28/04,18:57,-163.613,42.696000000000005,46,0,9.4892,0,33.3967,0,1025.9985368367084
42,ct4-9908-04,130,C,7/28/04,18:57,-163.613,42.696000000000005,47,0,9.4292,0,33.4082,0,1026.0218546274457
43,ct4-9908-04,130,C,7/28/04,18:57,-163.613,42.696000000000005,48,0,9.3693,0,33.4198,0,1026.045202262435
44,ct4-9908-04,130,C,7/28/04,18:57,-163.613,42.696000000000005,49,0,9.3093,0,33.4313,0,1026.068455884838
45,ct4-9908-04,130,C,7/28/04,18:57,-163.613,42.696000000000005,50,0,9.2493,0,33.4428,0,1026.091680611153
46,ct4-9908-04,130,C,7/28/04,18:57,-163.613,42.696000000000005,51,0,9.1894,0,33.4544,0,1026.1149401844718
47,ct4-9908-04,130,C,7/28/04,18:57,-163.613,42.696000000000005,52,0,9.1294,0,33.4659,0,1026.1381054368128
48,ct4-9908-04,130,C,7/28/04,18:57,-163.613,42.696000000000005,53,0,9.0695,0,33.4774,0,1026.1612225140825
49,ct4-9908-04,130,C,7/28/04,18:57,-163.613,42.696000000000005,54,0,8.9523,0,33.4781,0,1026.184922484081
50,ct4-9908-04,130,C,7/28/04,18:57,-163.613,42.696000000000005,55,0,8.8351,0,33.4787,0,1026.208404643727
51,ct4-9908-04,130,C,7/28/04,18:57,-163.613,42.696000000000005,56,0,8.718,0,33.4793,0,1026.2317313014419
52,ct4-9908-04,130,C,7/28/04,18:57,-163.613,42.696000000000005,57,0,8.6008,0,33.48,0,1026.255011620405
53,ct4-9908-04,130,C,7/28/04,18:57,-163.613,42.696000000000005,58,0,8.4836,0,33.4806,0,1026.2780729653932
54,ct4-9908-04,130,C,7/28/04,18:57,-163.613,42.696000000000005,59,0,8.3665,0,33.4812,0,1026.3009780828477
55,ct4-9908-04,130,C,7/28/04,18:57,-163.613,42.696000000000005,60,0,8.2493,0,33.4818,0,1026.3237570780814
56,ct4-9908-04,130,C,7/28/04,18:57,-163.613,42.696000000000005,61,0,8.1321,0,33.4825,0,1026.346472701786
57,ct4-9908-04,130,C,7/28/04,18:57,-163.613,42.696000000000005,62,0,8.0694,0,33.4622,0,1026.3444897420015
58,ct4-9908-04,130,C,7/28/04,18:57,-163.613,42.696000000000005,63,0,8.0068,0,33.4419,0,1026.342446874991
59,ct4-9908-04,130,C,7/28/04,18:57,-163.613,42.696000000000005,64,0,7.9441,0,33.4217,0,1026.3404521388388
60,ct4-9908-04,130,C,7/28/04,18:57,-163.613,42.696000000000005,65,0,7.8814,0,33.4014,0,1026.3383336892527
61,ct4-9908-04,130,C,7/28/04,18:57,-163.613,42.696000000000005,66,0,7.8732,0,33.4019,0,1026.344531853232
62,ct4-9908-04,130,C,7/28/04,18:57,-163.613,42.696000000000005,67,0,7.8651,0,33.4024,0,1026.3507149715335
63,ct4-9908-04,130,C,7/28/04,18:57,-163.613,42.696000000000005,68,0,7.8569,0,33.4029,0,1026.3569123226048
64,ct4-9908-04,130,C,7/28/04,18:57,-163.613,42.696000000000005,69,0,7.8487,0,33.4033,0,1026.3630307830188
65,ct4-9908-04,130,C,7/28/04,18:57,-163.613,42.696000000000005,70,0,7.8405,0,33.4038,0,1026.3692273136091
66,ct4-9908-04,130,C,7/28/04,18:57,-163.613,42.696000000000005,71,0,7.8323,0,33.4043,0,1026.375423434576
67,ct4-9908-04,130,C,7/28/04,18:57,-163.613,42.696000000000005,72,0,7.8242,0,33.4048,0,1026.3816045418307
68,ct4-9908-04,130,C,7/28/04,18:57,-163.613,42.696000000000005,73,0,7.816,0,33.4053,0,1026.38779984998
69,ct4-9908-04,130,C,7/28/04,18:57,-163.613,42.696000000000005,74,0,7.8078,0,33.4058,0,1026.3939947485328
70,ct4-9908-04,130,C,7/28/04,18:57,-163.613,42.696000000000005,75,0,7.7997,0,33.4063,0,1026.4001746525003
71,ct4-9908-04,130,C,7/28/04,18:57,-163.613,42.696000000000005,76,0,7.7915,0,33.4068,0,1026.4063641989187
72,ct4-9908-04,130,C,7/28/04,18:57,-163.613,42.696000000000005,77,0,7.7833,0,33.4073,0,1026.4125504900312
73,ct4-9908-04,130,C,7/28/04,18:57,-163.613,42.696000000000005,78,0,7.7751,0,33.4077,0,1026.418657879302
74,ct4-9908-04,130,C,7/28/04,18:57,-163.613,42.696000000000005,79,0,7.7669,0,33.4082,0,1026.4248433491493
75,ct4-9908-04,130,C,7/28/04,18:57,-163.613,42.696000000000005,80,0,7.7588,0,33.4087,0,1026.431013855924
76,ct4-9908-04,130,C,7/28/04,18:57,-163.613,42.696000000000005,81,0,7.7506,0,33.4092,0,1026.4371985121375
77,ct4-9908-04,130,C,7/28/04,18:57,-163.613,42.696000000000005,82,0,7.7549,0,33.4146,0,1026.4454105620998
78,ct4-9908-04,130,C,7/28/04,18:57,-163.613,42.696000000000005,83,0,7.7593,0,33.4201,0,1026.4536858678077
79,ct4-9908-04,130,C,7/28/04,18:57,-163.613,42.696000000000005,84,0,7.7636,0,33.4255,0,1026.4618965622062
80,ct4-9908-04,130,C,7/28/04,18:57,-163.613,42.696000000000005,85,0,7.7679,0,33.431,0,1026.4701850726613
81,ct4-9908-04,130,C,7/28/04,18:57,-163.613,42.696000000000005,86,0,7.7722,0,33.4364,0,1026.478394420307
82,ct4-9908-04,130,C,7/28/04,18:57,-163.613,42.696000000000005,87,0,7.7766,0,33.4419,0,1026.4866669840742
83,ct4-9908-04,130,C,7/28/04,18:57,-163.613,42.696000000000005,88,0,7.7809,0,33.4473,0,1026.494874977138
84,ct4-9908-04,130,C,7/28/04,18:57,-163.613,42.696000000000005,89,0,7.7852,0,33.4527,0,1026.5030822980837
85,ct4-9908-04,130,C,7/28/04,18:57,-163.613,42.696000000000005,90,0,7.7896,0,33.4582,0,1026.511352805433
86,ct4-9908-04,130,C,7/28/04,18:57,-163.613,42.696000000000005,91,0,7.7939,0,33.4636,0,1026.519558772533
87,ct4-9908-04,130,C,7/28/04,18:57,-163.613,42.696000000000005,92,0,7.7982,0,33.4691,0,1026.5278425448525
88,ct4-9908-04,130,C,7/28/04,18:57,-163.613,42.696000000000005,93,0,7.8025,0,33.4745,0,1026.5360471669042
89,ct4-9908-04,130,C,7/28/04,18:57,-163.613,42.696000000000005,94,0,7.8069,0,33.4799,0,1026.5442364621679
90,ct4-9908-04,130,C,7/28/04,18:57,-163.613,42.696000000000005,95,0,7.8112,0,33.4854,0,1026.552518204981
91,ct4-9908-04,130,C,7/28/04,18:57,-163.613,42.696000000000005,96,0,7.8155,0,33.4908,0,1026.5607208028994
92,ct4-9908-04,130,C,7/28/04,18:57,-163.613,42.696000000000005,97,0,7.8198,0,33.4963,0,1026.5690011983163
93,ct4-9908-04,130,C,7/28/04,18:57,-163.613,42.696000000000005,98,0,7.8242,0,33.5017,0,1026.5771877637712
94,ct4-9908-04,130,C,7/28/04,18:57,-163.613,42.696000000000005,99,0,7.8285,0,33.5071,0,1026.5853883386565
95,ct4-9908-04,130,C,7/28/04,18:57,-163.613,42.696000000000005,100,0,7.8328,0,33.5126,0,1026.5936667064013
96,ct4-9908-04,130,C,7/28/04,18:57,-163.613,42.696000000000005,101,0,7.8372,0,33.518,0,1026.601855508846
97,ct4-9908-04,130,C,7/28/04,18:57,-163.613,42.696000000000005,102,0,7.8415,0,33.5235,0,1026.610137729365
98,ct4-9908-04,130,C,7/28/04,18:57,-163.613,42.696000000000005,103,0,7.8458,0,33.5289,0,1026.6183408189734
99,ct4-9908-04,130,C,7/28/04,18:57,-163.613,42.696000000000005,104,0,7.8501,0,33.5343,0,1026.6265432397663
100,ct4-9908-04,130,C,7/28/04,18:57,-163.613,42.696000000000005,105,0,7.8545,0,33.5398,0,1026.634808700316
101,ct4-9908-04,130,C,7/28/04,18:57,-163.613,42.696000000000005,106,0,7.8588,0,33.5452,0,1026.6430097739133
102,ct4-9908-04,130,C,7/28/04,18:57,-163.613,42.696000000000005,107,0,7.8631,0,33.5507,0,1026.6512886311575
103,ct4-9908-04,130,C,7/28/04,18:57,-163.613,42.696000000000005,108,0,7.8675,0,33.5561,0,1026.6594735943977
104,ct4-9908-04,130,C,7/28/04,18:57,-163.613,42.696000000000005,109,0,7.8718,0,33.5616,0,1026.667751101876
105,ct4-9908-04,130,C,7/28/04,18:57,-163.613,42.696000000000005,110,0,7.8761,0,33.567,0,1026.67594949083
106,ct4-9908-04,130,C,7/28/04,18:57,-163.613,42.696000000000005,111,0,7.8804,0,33.5724,0,1026.6841472118158
107,ct4-9908-04,130,C,7/28/04,18:57,-163.613,42.696000000000005,112,0,7.8848,0,33.5779,0,1026.692407903638
108,ct4-9908-04,130,C,7/28/04,18:57,-163.613,42.696000000000005,113,0,7.8891,0,33.5833,0,1026.7006042791381
109,ct4-9908-04,130,C,7/28/04,18:57,-163.613,42.696000000000005,114,0,7.8934,0,33.5888,0,1026.70887842761
110,ct4-9908-04,130,C,7/28/04,18:57,-163.613,42.696000000000005,115,0,7.8977,0,33.5942,0,1026.7170734663823
111,ct4-9908-04,130,C,7/28/04,18:57,-163.613,42.696000000000005,116,0,7.9021,0,33.5996,0,1026.7252529993887
112,ct4-9908-04,130,C,7/28/04,18:57,-163.613,42.696000000000005,117,0,7.9064,0,33.6051,0,1026.733525130928
113,ct4-9908-04,130,C,7/28/04,18:57,-163.613,42.696000000000005,118,0,7.9107,0,33.6105,0,1026.7417181580693
114,ct4-9908-04,130,C,7/28/04,18:57,-163.613,42.696000000000005,119,0,7.9151,0,33.616,0,1026.7499740872277
115,ct4-9908-04,130,C,7/28/04,18:57,-163.613,42.696000000000005,120,0,7.9194,0,33.6214,0,1026.7581657705905
116,ct4-9908-04,130,C,7/28/04,18:57,-163.613,42.696000000000005,121,0,7.9237,0,33.6268,0,1026.7663567871946
117,ct4-9908-04,130,C,7/28/04,18:57,-163.613,42.696000000000005,122,0,7.928,0,33.6323,0,1026.7746255645945
118,ct4-9908-04,130,C,7/28/04,18:57,-163.613,42.696000000000005,123,0,7.9324,0,33.6377,0,1026.7828003498983
119,ct4-9908-04,130,C,7/28/04,18:57,-163.613,42.696000000000005,124,0,7.9367,0,33.6432,0,1026.7910677811997
120,ct4-9908-04,130,C,7/28/04,18:57,-163.613,42.696000000000005,125,0,7.941,0,33.6486,0,1026.7992562568538
121,ct4-9908-04,130,C,7/28/04,18:57,-163.613,42.696000000000005,126,0,7.9454,0,33.654,0,1026.8074329916633
122,ct4-9908-04,130,C,7/28/04,18:57,-163.613,42.696000000000005,127,0,7.9497,0,33.6595,0,1026.8157023939505
123,ct4-9908-04,130,C,7/28/04,18:57,-163.613,42.696000000000005,128,0,7.954,0,33.6649,0,1026.8238927105924
124,ct4-9908-04,130,C,7/28/04,18:57,-163.613,42.696000000000005,129,0,7.9583,0,33.6704,0,1026.8321607785665
125,ct4-9908-04,130,C,7/28/04,18:57,-163.613,42.696000000000005,130,0,7.9627,0,33.6758,0,1026.8403348098457
126,ct4-9908-04,130,C,7/28/04,18:57,-163.613,42.696000000000005,131,0,7.9670000000000005,0,33.6813,0,1026.8486015357241
127,ct4-9908-04,130,C,7/28/04,18:57,-163.613,42.696000000000005,132,0,7.9713,0,33.6867,0,1026.8567891829478
128,ct4-9908-04,130,C,7/28/04,18:57,-163.613,42.696000000000005,133,0,7.9757,0,33.6921,0,1026.8649611866044
129,ct4-9908-04,130,C,7/28/04,18:57,-163.613,42.696000000000005,134,0,7.98,0,33.6976,0,1026.873225905196
130,ct4-9908-04,130,C,7/28/04,18:57,-163.613,42.696000000000005,135,0,7.9843,0,33.703,0,1026.8814115503785
131,ct4-9908-04,130,C,7/28/04,18:57,-163.613,42.696000000000005,136,0,7.9886,0,33.7085,0,1026.889674936352
132,ct4-9908-04,130,C,7/28/04,18:57,-163.613,42.696000000000005,137,0,7.992999999999999,0,33.7139,0,1026.8978442399177
133,ct4-9908-04,130,C,7/28/04,18:57,-163.613,42.696000000000005,138,0,7.9973,0,33.7193,0,1026.9060278841496
134,ct4-9908-04,130,C,7/28/04,18:57,-163.613,42.696000000000005,139,0,8.0016,0,33.7248,0,1026.9142892646557
135,ct4-9908-04,130,C,7/28/04,18:57,-163.613,42.696000000000005,140,0,8.0059,0,33.7302,0,1026.9224715804705
136,ct4-9908-04,130,C,7/28/04,18:57,-163.613,42.696000000000005,141,0,8.0103,0,33.7357,0,1026.9307165840262
137,ct4-9908-04,130,C,7/28/04,18:57,-163.613,42.696000000000005,142,0,8.0146,0,33.7411,0,1026.9388975636812
138,ct4-9908-04,130,C,7/28/04,18:57,-163.613,42.696000000000005,143,0,8.0189,0,33.7465,0,1026.9470778803584
139,ct4-9908-04,130,C,7/28/04,18:57,-163.613,42.696000000000005,144,0,8.0233,0,33.751999999999995,0,1026.95532085547
140,ct4-9908-04,130,C,7/28/04,18:57,-163.613,42.696000000000005,145,0,8.0276,0,33.7574,0,1026.9634998367155
141,ct4-9908-04,130,C,7/28/04,18:57,-163.613,42.696000000000005,146,0,8.0319,0,33.7629,0,1026.9717565437168
142,ct4-9908-04,130,C,7/28/04,18:57,-163.613,42.696000000000005,147,0,8.0362,0,33.7683,0,1026.9799341982307
143,ct4-9908-04,130,C,7/28/04,18:57,-163.613,42.696000000000005,148,0,8.0406,0,33.7737,0,1026.9880960870425
144,ct4-9908-04,130,C,7/28/04,18:57,-163.613,42.696000000000005,149,0,8.0449,0,33.7792,0,1026.9963507922153
145,ct4-9908-04,130,C,7/28/04,18:57,-163.613,42.696000000000005,150,0,8.064,0,33.7938,0,1027.0094983304073
146,ct4-9908-04,130,C,7/28/04,18:57,-163.613,42.696000000000005,151,0,8.083,0,33.8084,0,1027.022654564068
147,ct4-9908-04,130,C,7/28/04,18:57,-163.613,42.696000000000005,152,0,8.1021,0,33.8229,0,1027.0357109495558
148,ct4-9908-04,130,C,7/28/04,18:57,-163.613,42.696000000000005,153,0,8.1212,0,33.8375,0,1027.0488393716573
149,ct4-9908-04,130,C,7/28/04,18:57,-163.613,42.696000000000005,154,0,8.1403,0,33.8521,0,1027.061961460828
150,ct4-9908-04,130,C,7/28/04,18:57,-163.613,42.696000000000005,155,0,8.1593,0,33.8667,0,1027.0750924896176
151,ct4-9908-04,130,C,7/28/04,18:57,-163.613,42.696000000000005,156,0,8.1784,0,33.8813,0,1027.0882019517962
152,ct4-9908-04,130,C,7/28/04,18:57,-163.613,42.696000000000005,157,0,8.1975,0,33.8959,0,1027.1013050938063
153,ct4-9908-04,130,C,7/28/04,18:57,-163.613,42.696000000000005,158,0,8.2166,0,33.9105,0,1027.1144019198998
154,ct4-9908-04,130,C,7/28/04,18:57,-163.613,42.696000000000005,159,0,8.2357,0,33.9251,0,1027.1274924343243
155,ct4-9908-04,130,C,7/28/04,18:57,-163.613,42.696000000000005,160,0,8.2547,0,33.9396,0,1027.1405137094102
156,ct4-9908-04,130,C,7/28/04,18:57,-163.613,42.696000000000005,161,0,8.2738,0,33.9542,0,1027.1535916440362
157,ct4-9908-04,130,C,7/28/04,18:57,-163.613,42.696000000000005,162,0,8.2929,0,33.9688,0,1027.166663279691
158,ct4-9908-04,130,C,7/28/04,18:57,-163.613,42.696000000000005,163,0,8.3119,0,33.9834,0,1027.17974409684
159,ct4-9908-04,130,C,7/28/04,18:57,-163.613,42.696000000000005,164,0,8.331,0,33.998000000000005,0,1027.1928031731898
160,ct4-9908-04,130,C,7/28/04,18:57,-163.613,42.696000000000005,165,0,8.3501,0,34.0126,0,1027.2058559632337
161,ct4-9908-04,130,C,7/28/04,18:57,-163.613,42.696000000000005,166,0,8.3264,0,34.01,0,1027.2120803438893
162,ct4-9908-04,130,C,7/28/04,18:57,-163.613,42.696000000000005,167,0,8.3027,0,34.0074,0,1027.218299546624
163,ct4-9908-04,130,C,7/28/04,18:57,-163.613,42.696000000000005,168,0,8.279,0,34.0048,0,1027.224513569083
164,ct4-9908-04,130,C,7/28/04,18:57,-163.613,42.696000000000005,169,0,8.2553,0,34.0022,0,1027.2307224089077
165,ct4-9908-04,130,C,7/28/04,18:57,-163.613,42.696000000000005,170,0,8.2316,0,33.9996,0,1027.2369260637363
166,ct4-9908-04,130,C,7/28/04,18:57,-163.613,42.696000000000005,171,0,8.2079,0,33.997,0,1027.2431245312027
167,ct4-9908-04,130,C,7/28/04,18:57,-163.613,42.696000000000005,172,0,8.1841,0,33.9944,0,1027.249333172989
168,ct4-9908-04,130,C,7/28/04,18:57,-163.613,42.696000000000005,173,0,8.1604,0,33.9918,0,1027.255521235154
169,ct4-9908-04,130,C,7/28/04,18:57,-163.613,42.696000000000005,174,0,8.1367,0,33.9892,0,1027.261704102827
170,ct4-9908-04,130,C,7/28/04,18:57,-163.613,42.696000000000005,175,0,8.113,0,33.9866,0,1027.267882581266
171,ct4-9908-04,130,C,7/28/04,18:57,-163.613,42.696000000000005,176,0,8.0893,0,33.984,0,1027.2740567866376
172,ct4-9908-04,130,C,7/28/04,18:57,-163.613,42.696000000000005,177,0,8.0656,0,33.9814,0,1027.280225790318
173,ct4-9908-04,130,C,7/28/04,18:57,-163.613,42.696000000000005,178,0,8.0419,0,33.9788,0,1027.286389589916
174,ct4-9908-04,130,C,7/28/04,18:57,-163.613,42.696000000000005,179,0,8.0182,0,33.9762,0,1027.292548183038
175,ct4-9908-04,130,C,7/28/04,18:57,-163.613,42.696000000000005,180,0,7.9945,0,33.9736,0,1027.2987015672857
176,ct4-9908-04,130,C,7/28/04,18:57,-163.613,42.696000000000005,181,0,7.9708,0,33.971,0,1027.3048497402576
177,ct4-9908-04,130,C,7/28/04,18:57,-163.613,42.696000000000005,182,0,7.9471,0,33.9684,0,1027.3109926995485
178,ct4-9908-04,130,C,7/28/04,18:57,-163.613,42.696000000000005,183,0,7.9234,0,33.9658,0,1027.3171304427492
179,ct4-9908-04,130,C,7/28/04,18:57,-163.613,42.696000000000005,184,0,7.8997,0,33.9632,0,1027.3232629674476
180,ct4-9908-04,130,C,7/28/04,18:57,-163.613,42.696000000000005,185,0,7.8759,0,33.9606,0,1027.3294053292102
181,ct4-9908-04,130,C,7/28/04,18:57,-163.613,42.696000000000005,186,0,7.8522,0,33.958,0,1027.335527386035
182,ct4-9908-04,130,C,7/28/04,18:57,-163.613,42.696000000000005,187,0,7.8285,0,33.9554,0,1027.3416442170858
183,ct4-9908-04,130,C,7/28/04,18:57,-163.613,42.696000000000005,188,0,7.8048,0,33.9528,0,1027.3477558199352
184,ct4-9908-04,130,C,7/28/04,18:57,-163.613,42.696000000000005,189,0,7.7811,0,33.9502,0,1027.3538621921525
185,ct4-9908-04,130,C,7/28/04,18:57,-163.613,42.696000000000005,190,0,7.7574,0,33.9476,0,1027.3599633313024
186,ct4-9908-04,130,C,7/28/04,18:57,-163.613,42.696000000000005,191,0,7.7337,0,33.945,0,1027.3660592349468
187,ct4-9908-04,130,C,7/28/04,18:57,-163.613,42.696000000000005,192,0,7.71,0,33.9424,0,1027.3721499006433
188,ct4-9908-04,130,C,7/28/04,18:57,-163.613,42.696000000000005,193,0,7.6863,0,33.9398,0,1027.3782353259458
189,ct4-9908-04,130,C,7/28/04,18:57,-163.613,42.696000000000005,194,0,7.6626,0,33.9372,0,1027.3843155084048
190,ct4-9908-04,130,C,7/28/04,18:57,-163.613,42.696000000000005,195,0,7.6389,0,33.9346,0,1027.3903904455674
191,ct4-9908-04,130,C,7/28/04,18:57,-163.613,42.696000000000005,196,0,7.6152,0,33.931999999999995,0,1027.396460134975
192,ct4-9908-04,130,C,7/28/04,18:57,-163.613,42.696000000000005,197,0,7.5915,0,33.9295,0,1027.4026030324637
193,ct4-9908-04,130,C,7/28/04,18:57,-163.613,42.696000000000005,198,0,7.5678,0,33.9269,0,1027.4086622237921
194,ct4-9908-04,130,C,7/28/04,18:57,-163.613,42.696000000000005,199,0,7.544,0,33.9243,0,1027.414730886188
195,ct4-9908-04,130,C,7/28/04,18:57,-163.613,42.696000000000005,200,0,7.5203,0,33.9217,0,1027.420779540975
196,ct4-9908-04,130,C,7/28/04,18:57,-163.613,42.696000000000005,201,0,7.4966,0,33.9191,0,1027.426823970734
197,ct4-9908-04,130,C,7/28/04,18:57,-163.613,42.696000000000005,202,0,7.4729,0,33.9165,0,1027.4328635922336
198,ct4-9908-04,130,C,7/28/04,18:57,-163.613,42.696000000000005,203,0,7.4492,0,33.9139,0,1027.4388979486262
199,ct4-9908-04,130,C,7/28/04,18:57,-163.613,42.696000000000005,204,0,7.4255,0,33.9113,0,1027.4449270374243
200,ct4-9908-04,130,C,7/28/04,18:57,-163.613,42.696000000000005,205,0,7.4018,0,33.9087,0,1027.450950856137
201,ct4-9908-04,130,C,7/28/04,18:57,-163.613,42.696000000000005,206,0,7.3987,0,33.9106,0,1027.4575002248146
202,ct4-9908-04,130,C,7/28/04,18:57,-163.613,42.696000000000005,207,0,7.3955,0,33.9124,0,1027.4639856425686
203,ct4-9908-04,130,C,7/28/04,18:57,-163.613,42.696000000000005,208,0,7.3924,0,33.9143,0,1027.470534938572
204,ct4-9908-04,130,C,7/28/04,18:57,-163.613,42.696000000000005,209,0,7.3892,0,33.9162,0,1027.4770987796282
205,ct4-9908-04,130,C,7/28/04,18:57,-163.613,42.696000000000005,210,0,7.3861,0,33.9181,0,1027.4836480030501
206,ct4-9908-04,130,C,7/28/04,18:57,-163.613,42.696000000000005,211,0,7.3829,0,33.92,0,1027.4902117704319
207,ct4-9908-04,130,C,7/28/04,18:57,-163.613,42.696000000000005,212,0,7.3798,0,33.9219,0,1027.4967609213174
208,ct4-9908-04,130,C,7/28/04,18:57,-163.613,42.696000000000005,213,0,7.3766,0,33.9238,0,1027.503324615071
209,ct4-9908-04,130,C,7/28/04,18:57,-163.613,42.696000000000005,214,0,7.3735,0,33.9257,0,1027.5098736934658
210,ct4-9908-04,130,C,7/28/04,18:57,-163.613,42.696000000000005,215,0,7.3704,0,33.9275,0,1027.5163442383353
211,ct4-9908-04,130,C,7/28/04,18:57,-163.613,42.696000000000005,216,0,7.3672,0,33.9294,0,1027.5229078219656
212,ct4-9908-04,130,C,7/28/04,18:57,-163.613,42.696000000000005,217,0,7.3641,0,33.9313,0,1027.5294567919116
213,ct4-9908-04,130,C,7/28/04,18:57,-163.613,42.696000000000005,218,0,7.3609,0,33.9332,0,1027.5360203020284
214,ct4-9908-04,130,C,7/28/04,18:57,-163.613,42.696000000000005,219,0,7.3578,0,33.9351,0,1027.5425691995956
215,ct4-9908-04,130,C,7/28/04,18:57,-163.613,42.696000000000005,220,0,7.3546,0,33.937,0,1027.5491326362446
216,ct4-9908-04,130,C,7/28/04,18:57,-163.613,42.696000000000005,221,0,7.3515,0,33.9389,0,1027.5556814614788
217,ct4-9908-04,130,C,7/28/04,18:57,-163.613,42.696000000000005,222,0,7.3483,0,33.9407,0,1027.5621663267286
218,ct4-9908-04,130,C,7/28/04,18:57,-163.613,42.696000000000005,223,0,7.3452,0,33.9426,0,1027.5687150796261
219,ct4-9908-04,130,C,7/28/04,18:57,-163.613,42.696000000000005,224,0,7.3421,0,33.9445,0,1027.5752637966468
220,ct4-9908-04,130,C,7/28/04,18:57,-163.613,42.696000000000005,225,0,7.3389,0,33.9464,0,1027.5818270500604
221,ct4-9908-04,130,C,7/28/04,18:57,-163.613,42.696000000000005,226,0,7.3358,0,33.9483,0,1027.5883756948601
222,ct4-9908-04,130,C,7/28/04,18:57,-163.613,42.696000000000005,227,0,7.3326,0,33.9502,0,1027.5949388749668
223,ct4-9908-04,130,C,7/28/04,18:57,-163.613,42.696000000000005,228,0,7.3295,0,33.9521,0,1027.6014874475907
224,ct4-9908-04,130,C,7/28/04,18:57,-163.613,42.696000000000005,229,0,7.3263,0,33.954,0,1027.6080505544367
225,ct4-9908-04,130,C,7/28/04,18:57,-163.613,42.696000000000005,230,0,7.3232,0,33.9558,0,1027.6145205564974
226,ct4-9908-04,130,C,7/28/04,18:57,-163.613,42.696000000000005,231,0,7.3201,0,33.9577,0,1027.621069021143
227,ct4-9908-04,130,C,7/28/04,18:57,-163.613,42.696000000000005,232,0,7.3169,0,33.9596,0,1027.6276320184152
228,ct4-9908-04,130,C,7/28/04,18:57,-163.613,42.696000000000005,233,0,7.3138,0,33.9615,0,1027.6341804109973
229,ct4-9908-04,130,C,7/28/04,18:57,-163.613,42.696000000000005,234,0,7.3106,0,33.9634,0,1027.6407433351237
230,ct4-9908-04,130,C,7/28/04,18:57,-163.613,42.696000000000005,235,0,7.3075,0,33.9653,0,1027.647291655687
231,ct4-9908-04,130,C,7/28/04,18:57,-163.613,42.696000000000005,236,0,7.3043,0,33.9672,0,1027.6538545067128
232,ct4-9908-04,130,C,7/28/04,18:57,-163.613,42.696000000000005,237,0,7.3012,0,33.969,0,1027.6603242564643
233,ct4-9908-04,130,C,7/28/04,18:57,-163.613,42.696000000000005,238,0,7.297999999999999,0,33.9709,0,1027.6668870343638
234,ct4-9908-04,130,C,7/28/04,18:57,-163.613,42.696000000000005,239,0,7.2949,0,33.9728,0,1027.673435210977
235,ct4-9908-04,130,C,7/28/04,18:57,-163.613,42.696000000000005,240,0,7.2918,0,33.9747,0,1027.6799833518917
236,ct4-9908-04,130,C,7/28/04,18:57,-163.613,42.696000000000005,241,0,7.2886,0,33.9766,0,1027.686546020598
237,ct4-9908-04,130,C,7/28/04,18:57,-163.613,42.696000000000005,242,0,7.2855,0,33.9785,0,1027.6930940896511
238,ct4-9908-04,130,C,7/28/04,18:57,-163.613,42.696000000000005,243,0,7.2823,0,33.9804,0,1027.6996566854177
239,ct4-9908-04,130,C,7/28/04,18:57,-163.613,42.696000000000005,244,0,7.2792,0,33.9823,0,1027.7062046826547
240,ct4-9908-04,130,C,7/28/04,18:57,-163.613,42.696000000000005,245,0,7.276,0,33.9841,0,1027.7126887062097
241,ct4-9908-04,130,C,7/28/04,18:57,-163.613,42.696000000000005,246,0,7.2729,0,33.986,0,1027.719236631627
242,ct4-9908-04,130,C,7/28/04,18:57,-163.613,42.696000000000005,247,0,7.2697,0,33.9879,0,1027.72579908158
243,ct4-9908-04,130,C,7/28/04,18:57,-163.613,42.696000000000005,248,0,7.2666,0,33.9898,0,1027.7323469352707
244,ct4-9908-04,130,C,7/28/04,18:57,-163.613,42.696000000000005,249,0,7.2635,0,33.9917,0,1027.7388947533627
245,ct4-9908-04,130,C,7/28/04,18:57,-163.613,42.696000000000005,250,0,7.2603,0,33.9936,0,1027.7454576894504
246,ct4-9908-04,130,C,7/28/04,18:57,-163.613,42.696000000000005,251,0,7.2572,0,33.9955,0,1027.7520095482137
247,ct4-9908-04,130,C,7/28/04,18:57,-163.613,42.696000000000005,252,0,7.254,0,33.9973,0,1027.7584974296108
248,ct4-9908-04,130,C,7/28/04,18:57,-163.613,42.696000000000005,253,0,7.2509,0,33.9992,0,1027.7650492176617
249,ct4-9908-04,130,C,7/28/04,18:57,-163.613,42.696000000000005,254,0,7.2477,0,34.0011,0,1027.771615527003
250,ct4-9908-04,130,C,7/28/04,18:57,-163.613,42.696000000000005,255,0,7.2446,0,34.003,0,1027.7781672444473
251,ct4-9908-04,130,C,7/28/04,18:57,-163.613,42.696000000000005,256,0,7.2414,0,34.0049,0,1027.784733482112
252,ct4-9908-04,130,C,7/28/04,18:57,-163.613,42.696000000000005,257,0,7.2383,0,34.0068,0,1027.7912851289943
253,ct4-9908-04,130,C,7/28/04,18:57,-163.613,42.696000000000005,258,0,7.2237,0,34.0062,0,1027.7975471901173
254,ct4-9908-04,130,C,7/28/04,18:57,-163.613,42.696000000000005,259,0,7.209,0,34.0055,0,1027.8037435571625
255,ct4-9908-04,130,C,7/28/04,18:57,-163.613,42.696000000000005,260,0,7.1944,0,34.0049,0,1027.8100021694872
256,ct4-9908-04,130,C,7/28/04,18:57,-163.613,42.696000000000005,261,0,7.1798,0,34.0043,0,1027.8162590650077
257,ct4-9908-04,130,C,7/28/04,18:57,-163.613,42.696000000000005,262,0,7.1652,0,34.0037,0,1027.8225142433664
258,ct4-9908-04,130,C,7/28/04,18:57,-163.613,42.696000000000005,263,0,7.1505,0,34.003,0,1027.828703660939
259,ct4-9908-04,130,C,7/28/04,18:57,-163.613,42.696000000000005,264,0,7.1359,0,34.0024,0,1027.834955387606
260,ct4-9908-04,130,C,7/28/04,18:57,-163.613,42.696000000000005,265,0,7.1213,0,34.0018,0,1027.8412053960299
261,ct4-9908-04,130,C,7/28/04,18:57,-163.613,42.696000000000005,266,0,7.1066,0,34.0012,0,1027.8474681184912
262,ct4-9908-04,130,C,7/28/04,18:57,-163.613,42.696000000000005,267,0,7.0920000000000005,0,34.0005,0,1027.8536361480913
263,ct4-9908-04,130,C,7/28/04,18:57,-163.613,42.696000000000005,268,0,7.0774,0,33.9999,0,1027.8598809833131
264,ct4-9908-04,130,C,7/28/04,18:57,-163.613,42.696000000000005,269,0,7.0628,0,33.9993,0,1027.866124098845
265,ct4-9908-04,130,C,7/28/04,18:57,-163.613,42.696000000000005,270,0,7.0481,0,33.9987,0,1027.8723798726296
266,ct4-9908-04,130,C,7/28/04,18:57,-163.613,42.696000000000005,271,0,7.0335,0,33.998000000000005,0,1027.8785409953482
267,ct4-9908-04,130,C,7/28/04,18:57,-163.613,42.696000000000005,272,0,7.0189,0,33.9974,0,1027.8847789333086
268,ct4-9908-04,130,C,7/28/04,18:57,-163.613,42.696000000000005,273,0,7.0042,0,33.9968,0,1027.891029487607
269,ct4-9908-04,130,C,7/28/04,18:57,-163.613,42.696000000000005,274,0,6.9896,0,33.9962,0,1027.8972639693473
270,ct4-9908-04,130,C,7/28/04,18:57,-163.613,42.696000000000005,275,0,6.975,0,33.9955,0,1027.9034181793252
271,ct4-9908-04,130,C,7/28/04,18:57,-163.613,42.696000000000005,276,0,6.9604,0,33.9949,0,1027.9096492141805
272,ct4-9908-04,130,C,7/28/04,18:57,-163.613,42.696000000000005,277,0,6.9457,0,33.9943,0,1027.9158928094773
273,ct4-9908-04,130,C,7/28/04,18:57,-163.613,42.696000000000005,278,0,6.9311,0,33.9937,0,1027.9221203851748
274,ct4-9908-04,130,C,7/28/04,18:57,-163.613,42.696000000000005,279,0,6.9165,0,33.993,0,1027.9282676765256
275,ct4-9908-04,130,C,7/28/04,18:57,-163.613,42.696000000000005,280,0,6.9018,0,33.9924,0,1027.934506044551
276,ct4-9908-04,130,C,7/28/04,18:57,-163.613,42.696000000000005,281,0,6.8872,0,33.9918,0,1027.940728432762
277,ct4-9908-04,130,C,7/28/04,18:57,-163.613,42.696000000000005,282,0,6.8726,0,33.9912,0,1027.946949096531
278,ct4-9908-04,130,C,7/28/04,18:57,-163.613,42.696000000000005,283,0,6.8579,0,33.9905,0,1027.9531036645565
279,ct4-9908-04,130,C,7/28/04,18:57,-163.613,42.696000000000005,284,0,6.8433,0,33.9899,0,1027.95932086195
280,ct4-9908-04,130,C,7/28/04,18:57,-163.613,42.696000000000005,285,0,6.8287,0,33.9893,0,1027.965536333793
281,ct4-9908-04,130,C,7/28/04,18:57,-163.613,42.696000000000005,286,0,6.8141,0,33.9887,0,1027.9717500797178
282,ct4-9908-04,130,C,7/28/04,18:57,-163.613,42.696000000000005,287,0,6.7994,0,33.988,0,1027.977897662678
283,ct4-9908-04,130,C,7/28/04,18:57,-163.613,42.696000000000005,288,0,6.7848,0,33.9874,0,1027.9841079392493
284,ct4-9908-04,130,C,7/28/04,18:57,-163.613,42.696000000000005,289,0,6.7702,0,33.9868,0,1027.9903164887885
285,ct4-9908-04,130,C,7/28/04,18:57,-163.613,42.696000000000005,290,0,6.7555,0,33.9862,0,1027.9965374165852
286,ct4-9908-04,130,C,7/28/04,18:57,-163.613,42.696000000000005,291,0,6.7409,0,33.9855,0,1028.0026639027897
287,ct4-9908-04,130,C,7/28/04,18:57,-163.613,42.696000000000005,292,0,6.7263,0,33.9849,0,1028.0088672525803
288,ct4-9908-04,130,C,7/28/04,18:57,-163.613,42.696000000000005,293,0,6.7117,0,33.9843,0,1028.0150688738504
289,ct4-9908-04,130,C,7/28/04,18:57,-163.613,42.696000000000005,294,0,6.697,0,33.9837,0,1028.0212828172084
290,ct4-9908-04,130,C,7/28/04,18:57,-163.613,42.696000000000005,295,0,6.6824,0,33.983000000000004,0,1028.0274023609363
291,ct4-9908-04,130,C,7/28/04,18:57,-163.613,42.696000000000005,296,0,6.6678,0,33.9824,0,1028.0335987779597
292,ct4-9908-04,130,C,7/28/04,18:57,-163.613,42.696000000000005,297,0,6.6531,0,33.9818,0,1028.0398074748664
293,ct4-9908-04,130,C,7/28/04,18:57,-163.613,42.696000000000005,298,0,6.6385,0,33.9812,0,1028.0460004178253
294,ct4-9908-04,130,C,7/28/04,18:57,-163.613,42.696000000000005,299,0,6.6239,0,33.9805,0,1028.0521130130464
295,ct4-9908-04,130,C,7/28/04,18:57,-163.613,42.696000000000005,300,0,6.6093,0,33.9799,0,1028.0583024912867
296,ct4-9908-04,130,C,7/28/04,18:57,-163.613,42.696000000000005,301,0,6.5946,0,33.9793,0,1028.0645067028825
297,ct4-9908-04,130,C,7/28/04,18:57,-163.613,42.696000000000005,302,0,6.58,0,33.9787,0,1028.0706967799988
298,ct4-9908-04,130,C,7/28/04,18:57,-163.613,42.696000000000005,303,0,6.5654,0,33.978,0,1028.0768064967478
299,ct4-9908-04,130,C,7/28/04,18:57,-163.613,42.696000000000005,304,0,6.5507,0,33.9774,0,1028.083007020403
300,ct4-9908-04,130,C,7/28/04,18:57,-163.613,42.696000000000005,305,0,6.5361,0,33.9768,0,1028.0891918835412
301,ct4-9908-04,130,C,7/28/04,18:57,-163.613,42.696000000000005,306,0,6.5215,0,33.9762,0,1028.0953750134286
302,ct4-9908-04,130,C,7/28/04,18:57,-163.613,42.696000000000005,307,0,6.5069,0,33.9755,0,1028.1014777701118
303,ct4-9908-04,130,C,7/28/04,18:57,-163.613,42.696000000000005,308,0,6.4922,0,33.9749,0,1028.1076712886263
304,ct4-9908-04,130,C,7/28/04,18:57,-163.613,42.696000000000005,309,0,6.4776,0,33.9743,0,1028.1138491999686
305,ct4-9908-04,130,C,7/28/04,18:57,-163.613,42.696000000000005,310,0,6.462999999999999,0,33.9737,0,1028.120025376541
306,ct4-9908-04,130,C,7/28/04,18:57,-163.613,42.696000000000005,311,0,6.4483,0,33.973,0,1028.1261349849037
307,ct4-9908-04,130,C,7/28/04,18:57,-163.613,42.696000000000005,312,0,6.4337,0,33.9724,0,1028.1323076742572
308,ct4-9908-04,130,C,7/28/04,18:57,-163.613,42.696000000000005,313,0,6.4191,0,33.9718,0,1028.1384786276953
309,ct4-9908-04,130,C,7/28/04,18:57,-163.613,42.696000000000005,314,0,6.4044,0,33.9712,0,1028.1446616214598
310,ct4-9908-04,130,C,7/28/04,18:57,-163.613,42.696000000000005,315,0,6.3898,0,33.9705,0,1028.1507504258943
311,ct4-9908-04,130,C,7/28/04,18:57,-163.613,42.696000000000005,316,0,6.3752,0,33.9699,0,1028.1569161527382
312,ct4-9908-04,130,C,7/28/04,18:57,-163.613,42.696000000000005,317,0,6.3606,0,33.9693,0,1028.1630801421347
313,ct4-9908-04,130,C,7/28/04,18:57,-163.613,42.696000000000005,318,0,6.3459,0,33.9687,0,1028.169256115299
314,ct4-9908-04,130,C,7/28/04,18:57,-163.613,42.696000000000005,319,0,6.3313,0,33.968,0,1028.175337941218
315,ct4-9908-04,130,C,7/28/04,18:57,-163.613,42.696000000000005,320,0,6.3167,0,33.9674,0,1028.181496699392
316,ct4-9908-04,130,C,7/28/04,18:57,-163.613,42.696000000000005,321,0,6.3020000000000005,0,33.9668,0,1028.187667398837
317,ct4-9908-04,130,C,7/28/04,18:57,-163.613,42.696000000000005,322,0,6.2874,0,33.9662,0,1028.1938226649092
318,ct4-9908-04,130,C,7/28/04,18:57,-163.613,42.696000000000005,323,0,6.2728,0,33.9655,0,1028.199897506108
319,ct4-9908-04,130,C,7/28/04,18:57,-163.613,42.696000000000005,324,0,6.2582,0,33.9649,0,1028.2060492894225
320,ct4-9908-04,130,C,7/28/04,18:57,-163.613,42.696000000000005,325,0,6.2435,0,33.9643,0,1028.2122129573327
321,ct4-9908-04,130,C,7/28/04,18:57,-163.613,42.696000000000005,326,0,6.2289,0,33.9637,0,1028.2183612454344
322,ct4-9908-04,130,C,7/28/04,18:57,-163.613,42.696000000000005,327,0,6.2143,0,33.963,0,1028.2244290956785
323,ct4-9908-04,130,C,7/28/04,18:57,-163.613,42.696000000000005,328,0,6.1996,0,33.9624,0,1028.2305874816243
324,ct4-9908-04,130,C,7/28/04,18:57,-163.613,42.696000000000005,329,0,6.185,0,33.9618,0,1028.2367305280009
325,ct4-9908-04,130,C,7/28/04,18:57,-163.613,42.696000000000005,330,0,6.1704,0,33.9612,0,1028.2428718318968
326,ct4-9908-04,130,C,7/28/04,18:57,-163.613,42.696000000000005,331,0,6.1558,0,33.9605,0,1028.2489326849216
327,ct4-9908-04,130,C,7/28/04,18:57,-163.613,42.696000000000005,332,0,6.1411,0,33.9599,0,1028.2550840283047
328,ct4-9908-04,130,C,7/28/04,18:57,-163.613,42.696000000000005,333,0,6.1265,0,33.9593,0,1028.2612200857743
329,ct4-9908-04,130,C,7/28/04,18:57,-163.613,42.696000000000005,334,0,6.1189,0,33.9598,0,1028.267274932663
330,ct4-9908-04,130,C,7/28/04,18:57,-163.613,42.696000000000005,335,0,6.1114,0,33.9603,0,1028.2733159463041
331,ct4-9908-04,130,C,7/28/04,18:57,-163.613,42.696000000000005,336,0,6.1038,0,33.9608,0,1028.279370138758
332,ct4-9908-04,130,C,7/28/04,18:57,-163.613,42.696000000000005,337,0,6.0962,0,33.9613,0,1028.285424001122
333,ct4-9908-04,130,C,7/28/04,18:57,-163.613,42.696000000000005,338,0,6.0887,0,33.9618,0,1028.291464047511
334,ct4-9908-04,130,C,7/28/04,18:57,-163.613,42.696000000000005,339,0,6.0811,0,33.9623,0,1028.297517255514
335,ct4-9908-04,130,C,7/28/04,18:57,-163.613,42.696000000000005,340,0,6.0735,0,33.9628,0,1028.3035701334643
336,ct4-9908-04,130,C,7/28/04,18:57,-163.613,42.696000000000005,341,0,6.0659,0,33.9633,0,1028.3096226813732
337,ct4-9908-04,130,C,7/28/04,18:57,-163.613,42.696000000000005,342,0,6.0584,0,33.9638,0,1028.3156614363782
338,ct4-9908-04,130,C,7/28/04,18:57,-163.613,42.696000000000005,343,0,6.0508,0,33.9643,0,1028.3217133300245
339,ct4-9908-04,130,C,7/28/04,18:57,-163.613,42.696000000000005,344,0,6.0432,0,33.9648,0,1028.3277648936662
340,ct4-9908-04,130,C,7/28/04,18:57,-163.613,42.696000000000005,345,0,6.0357,0,33.9653,0,1028.3338026816837
341,ct4-9908-04,130,C,7/28/04,18:57,-163.613,42.696000000000005,346,0,6.0281,0,33.9658,0,1028.3398535911365
342,ct4-9908-04,130,C,7/28/04,18:57,-163.613,42.696000000000005,347,0,6.0205,0,33.9663,0,1028.3459041706208
343,ct4-9908-04,130,C,7/28/04,18:57,-163.613,42.696000000000005,348,0,6.013,0,33.9668,0,1028.3519409917633
344,ct4-9908-04,130,C,7/28/04,18:57,-163.613,42.696000000000005,349,0,6.0054,0,33.9673,0,1028.357990917132
345,ct4-9908-04,130,C,7/28/04,18:57,-163.613,42.696000000000005,350,0,5.9978,0,33.9678,0,1028.3640405535361
346,ct4-9908-04,130,C,7/28/04,18:57,-163.613,42.696000000000005,351,0,5.9903,0,33.9683,0,1028.370076864939
347,ct4-9908-04,130,C,7/28/04,18:57,-163.613,42.696000000000005,352,0,5.9827,0,33.9688,0,1028.3761262633832
348,ct4-9908-04,130,C,7/28/04,18:57,-163.613,42.696000000000005,353,0,5.9751,0,33.9693,0,1028.3821753319587
349,ct4-9908-04,130,C,7/28/04,18:57,-163.613,42.696000000000005,354,0,5.9675,0,33.9698,0,1028.3882240706776
350,ct4-9908-04,130,C,7/28/04,18:57,-163.613,42.696000000000005,355,0,5.96,0,33.9703,0,1028.3942590914578
351,ct4-9908-04,130,C,7/28/04,18:57,-163.613,42.696000000000005,356,0,5.9524,0,33.9708,0,1028.4003071762872
352,ct4-9908-04,130,C,7/28/04,18:57,-163.613,42.696000000000005,357,0,5.9448,0,33.9713,0,1028.4063549312957
353,ct4-9908-04,130,C,7/28/04,18:57,-163.613,42.696000000000005,358,0,5.9373,0,33.9718,0,1028.412388985658
354,ct4-9908-04,130,C,7/28/04,18:57,-163.613,42.696000000000005,359,0,5.9297,0,33.9723,0,1028.4184360868494
355,ct4-9908-04,130,C,7/28/04,18:57,-163.613,42.696000000000005,360,0,5.9221,0,33.9728,0,1028.4244828582546
356,ct4-9908-04,130,C,7/28/04,18:57,-163.613,42.696000000000005,361,0,5.9146,0,33.9733,0,1028.43051594631
357,ct4-9908-04,130,C,7/28/04,18:57,-163.613,42.696000000000005,362,0,5.907,0,33.9738,0,1028.43656206397
358,ct4-9908-04,130,C,7/28/04,18:57,-163.613,42.696000000000005,363,0,5.8994,0,33.9743,0,1028.44260785188
359,ct4-9908-04,130,C,7/28/04,18:57,-163.613,42.696000000000005,364,0,5.8918,0,33.9748,0,1028.4486533100505
360,ct4-9908-04,130,C,7/28/04,18:57,-163.613,42.696000000000005,365,0,5.8843,0,33.9753,0,1028.454685107974
361,ct4-9908-04,130,C,7/28/04,18:57,-163.613,42.696000000000005,366,0,5.8767,0,33.9758,0,1028.4607299124943
362,ct4-9908-04,130,C,7/28/04,18:57,-163.613,42.696000000000005,367,0,5.8691,0,33.9763,0,1028.466774387311
363,ct4-9908-04,130,C,7/28/04,18:57,-163.613,42.696000000000005,368,0,5.8616,0,33.9768,0,1028.4728052191833
364,ct4-9908-04,130,C,7/28/04,18:57,-163.613,42.696000000000005,369,0,5.854,0,33.9773,0,1028.4788490404205
365,ct4-9908-04,130,C,7/28/04,18:57,-163.613,42.696000000000005,370,0,5.8464,0,33.9778,0,1028.484892531989
366,ct4-9908-04,130,C,7/28/04,18:57,-163.613,42.696000000000005,371,0,5.8389,0,33.9783,0,1028.4909223979191
367,ct4-9908-04,130,C,7/28/04,18:57,-163.613,42.696000000000005,372,0,5.8313,0,33.9788,0,1028.496965235979
368,ct4-9908-04,130,C,7/28/04,18:57,-163.613,42.696000000000005,373,0,5.8237,0,33.9793,0,1028.5030077444046
369,ct4-9908-04,130,C,7/28/04,18:57,-163.613,42.696000000000005,374,0,5.8162,0,33.9799,0,1028.5091154058027
370,ct4-9908-04,130,C,7/28/04,18:57,-163.613,42.696000000000005,375,0,5.8086,0,33.9804,0,1028.5151572619639
371,ct4-9908-04,130,C,7/28/04,18:57,-163.613,42.696000000000005,376,0,5.801,0,33.9809,0,1028.521198788526
372,ct4-9908-04,130,C,7/28/04,18:57,-163.613,42.696000000000005,377,0,5.7934,0,33.9814,0,1028.5272399854994
373,ct4-9908-04,130,C,7/28/04,18:57,-163.613,42.696000000000005,378,0,5.7859,0,33.9819,0,1028.5332675972409
374,ct4-9908-04,130,C,7/28/04,18:57,-163.613,42.696000000000005,379,0,5.7783,0,33.9824,0,1028.5393081408702
375,ct4-9908-04,130,C,7/28/04,18:57,-163.613,42.696000000000005,380,0,5.7707,0,33.9829,0,1028.5453483549456
376,ct4-9908-04,130,C,7/28/04,18:57,-163.613,42.696000000000005,381,0,5.7632,0,33.9834,0,1028.5513750011057
377,ct4-9908-04,130,C,7/28/04,18:57,-163.613,42.696000000000005,382,0,5.7556,0,33.9839,0,1028.5574145619062
378,ct4-9908-04,130,C,7/28/04,18:57,-163.613,42.696000000000005,383,0,5.747999999999999,0,33.9844,0,1028.5634537931867
379,ct4-9908-04,130,C,7/28/04,18:57,-163.613,42.696000000000005,384,0,5.7405,0,33.9849,0,1028.5694794738722
380,ct4-9908-04,130,C,7/28/04,18:57,-163.613,42.696000000000005,385,0,5.7329,0,33.9854,0,1028.5755180519473
381,ct4-9908-04,130,C,7/28/04,18:57,-163.613,42.696000000000005,386,0,5.7253,0,33.9859,0,1028.5815563005365
382,ct4-9908-04,130,C,7/28/04,18:57,-163.613,42.696000000000005,387,0,5.7178,0,33.9864,0,1028.5875810158536
383,ct4-9908-04,130,C,7/28/04,18:57,-163.613,42.696000000000005,388,0,5.7102,0,33.9869,0,1028.5936186113063
384,ct4-9908-04,130,C,7/28/04,18:57,-163.613,42.696000000000005,389,0,5.7026,0,33.9874,0,1028.5996558773072
385,ct4-9908-04,130,C,7/28/04,18:57,-163.613,42.696000000000005,390,0,5.695,0,33.9879,0,1028.605692813867
386,ct4-9908-04,130,C,7/28/04,18:57,-163.613,42.696000000000005,391,0,5.6875,0,33.9884,0,1028.6117162402948
387,ct4-9908-04,130,C,7/28/04,18:57,-163.613,42.696000000000005,392,0,5.6799,0,33.9889,0,1028.6177525238088
388,ct4-9908-04,130,C,7/28/04,18:57,-163.613,42.696000000000005,393,0,5.6723,0,33.9894,0,1028.623788477916
389,ct4-9908-04,130,C,7/28/04,18:57,-163.613,42.696000000000005,394,0,5.6648,0,33.9899,0,1028.6298109392212
390,ct4-9908-04,130,C,7/28/04,18:57,-163.613,42.696000000000005,395,0,5.6572,0,33.9904,0,1028.6358462403507
391,ct4-9908-04,130,C,7/28/04,18:57,-163.613,42.696000000000005,396,0,5.6496,0,33.9909,0,1028.6418812121067
392,ct4-9908-04,130,C,7/28/04,18:57,-163.613,42.696000000000005,397,0,5.6421,0,33.9914,0,1028.6479027083944
393,ct4-9908-04,130,C,7/28/04,18:57,-163.613,42.696000000000005,398,0,5.6345,0,33.9919,0,1028.6539370272403
394,ct4-9908-04,130,C,7/28/04,18:57,-163.613,42.696000000000005,399,0,5.6269,0,33.9924,0,1028.6599710167459
395,ct4-9908-04,130,C,7/28/04,18:57,-163.613,42.696000000000005,400,0,5.6193,0,33.9929,0,1028.6660046769214
396,ct4-9908-04,130,C,7/28/04,18:57,-163.613,42.696000000000005,401,0,5.6118,0,33.9934,0,1028.672023652177
397,ct4-9908-04,130,C,7/28/04,18:57,-163.613,42.696000000000005,402,0,5.6042,0,33.9939,0,1028.6780545534132
398,ct4-9908-04,130,C,7/28/04,18:57,-163.613,42.696000000000005,403,0,5.5966,0,33.9944,0,1028.6840851252211
399,ct4-9908-04,130,C,7/28/04,18:57,-163.613,42.696000000000005,404,0,5.5891,0,33.9949,0,1028.6901022619274
400,ct4-9908-04,130,C,7/28/04,18:57,-163.613,42.696000000000005,405,0,5.5815,0,33.9954,0,1028.6961321807191
401,ct4-9908-04,130,C,7/28/04,18:57,-163.613,42.696000000000005,406,0,5.5739,0,33.9959,0,1028.7021617701148
402,ct4-9908-04,130,C,7/28/04,18:57,-163.613,42.696000000000005,407,0,5.5664,0,33.9964,0,1028.7081779417558
403,ct4-9908-04,130,C,7/28/04,18:57,-163.613,42.696000000000005,408,0,5.5588,0,33.9969,0,1028.7142068782018
404,ct4-9908-04,130,C,7/28/04,18:57,-163.613,42.696000000000005,409,0,5.5512,0,33.9974,0,1028.7202354852848
405,ct4-9908-04,130,C,7/28/04,18:57,-163.613,42.696000000000005,410,0,5.5437,0,33.9979,0,1028.7262506919628
406,ct4-9908-04,130,C,7/28/04,18:57,-163.613,42.696000000000005,411,0,5.5361,0,33.9984,0,1028.7322786461618
407,ct4-9908-04,130,C,7/28/04,18:57,-163.613,42.696000000000005,412,0,5.5285,0,33.9989,0,1028.7383062710303
408,ct4-9908-04,130,C,7/28/04,18:57,-163.613,42.696000000000005,413,0,5.5209,0,33.9994,0,1028.7443335665787
409,ct4-9908-04,130,C,7/28/04,18:57,-163.613,42.696000000000005,414,0,5.5134,0,33.9999,0,1028.7503474848975
410,ct4-9908-04,130,C,7/28/04,18:57,-163.613,42.696000000000005,415,0,5.5058,0,34.0004,0,1028.7563741276495
411,ct4-9908-04,130,C,7/28/04,18:57,-163.613,42.696000000000005,416,0,5.4982,0,34.0009,0,1028.7624004411136
412,ct4-9908-04,130,C,7/28/04,18:57,-163.613,42.696000000000005,417,0,5.4907,0,34.0014,0,1028.768413394706
413,ct4-9908-04,130,C,7/28/04,18:57,-163.613,42.696000000000005,418,0,5.4831,0,34.0019,0,1028.7744390554392
414,ct4-9908-04,130,C,7/28/04,18:57,-163.613,42.696000000000005,419,0,5.4755,0,34.0024,0,1028.780464386916
415,ct4-9908-04,130,C,7/28/04,18:57,-163.613,42.696000000000005,420,0,5.468,0,34.0029,0,1028.7864763758828
416,ct4-9908-04,130,C,7/28/04,18:57,-163.613,42.696000000000005,421,0,5.4604,0,34.0034,0,1028.792501054694
417,ct4-9908-04,130,C,7/28/04,18:57,-163.613,42.696000000000005,422,0,5.4528,0,34.0039,0,1028.7985254042808
418,ct4-9908-04,130,C,7/28/04,18:57,-163.613,42.696000000000005,423,0,5.4453,0,34.0044,0,1028.8045364287216
419,ct4-9908-04,130,C,7/28/04,18:57,-163.613,42.696000000000005,424,0,5.4377,0,34.0049,0,1028.8105601257073
420,ct4-9908-04,130,C,7/28/04,18:57,-163.613,42.696000000000005,425,0,5.4301,0,34.0054,0,1028.8165834935005
421,ct4-9908-04,130,C,7/28/04,18:57,-163.613,42.696000000000005,426,0,5.4225,0,34.0059,0,1028.8226065321114
422,ct4-9908-04,130,C,7/28/04,18:57,-163.613,42.696000000000005,427,0,5.415,0,34.0064,0,1028.8286162687712
423,ct4-9908-04,130,C,7/28/04,18:57,-163.613,42.696000000000005,428,0,5.4074,0,34.0069,0,1028.8346386548662
424,ct4-9908-04,130,C,7/28/04,18:57,-163.613,42.696000000000005,429,0,5.3998,0,34.0074,0,1028.8406607118106
425,ct4-9908-04,130,C,7/28/04,18:57,-163.613,42.696000000000005,430,0,5.3923,0,34.0079,0,1028.8466694841757
426,ct4-9908-04,130,C,7/28/04,18:57,-163.613,42.696000000000005,431,0,5.3847,0,34.0084,0,1028.8526908886681
427,ct4-9908-04,130,C,7/28/04,18:57,-163.613,42.696000000000005,432,0,5.3771,0,34.0089,0,1028.8587119640406
428,ct4-9908-04,130,C,7/28/04,18:57,-163.613,42.696000000000005,433,0,5.3696,0,34.0094,0,1028.8647197722096
429,ct4-9908-04,130,C,7/28/04,18:57,-163.613,42.696000000000005,434,0,5.362,0,34.0099,0,1028.8707401951935
430,ct4-9908-04,130,C,7/28/04,18:57,-163.613,42.696000000000005,435,0,5.3544,0,34.0104,0,1028.8767602890894
431,ct4-9908-04,130,C,7/28/04,18:57,-163.613,42.696000000000005,436,0,5.3468,0,34.0109,0,1028.8827800539068
432,ct4-9908-04,130,C,7/28/04,18:57,-163.613,42.696000000000005,437,0,5.3393,0,34.0114,0,1028.8887865747301
433,ct4-9908-04,130,C,7/28/04,18:57,-163.613,42.696000000000005,438,0,5.3317,0,34.0119,0,1028.8948056872428
434,ct4-9908-04,130,C,7/28/04,18:57,-163.613,42.696000000000005,439,0,5.3241,0,34.0124,0,1028.900824470708
435,ct4-9908-04,130,C,7/28/04,18:57,-163.613,42.696000000000005,440,0,5.3166,0,34.0129,0,1028.9068300275621
436,ct4-9908-04,130,C,7/28/04,18:57,-163.613,42.696000000000005,441,0,5.309,0,34.0134,0,1028.9128481587852
437,ct4-9908-04,130,C,7/28/04,18:57,-163.613,42.696000000000005,442,0,5.3038,0,34.014,0,1028.9186355055135
438,ct4-9908-04,130,C,7/28/04,18:57,-163.613,42.696000000000005,443,0,5.2987,0,34.0146,0,1028.924409853815
439,ct4-9908-04,130,C,7/28/04,18:57,-163.613,42.696000000000005,444,0,5.2935,0,34.0152,0,1028.930196978099
440,ct4-9908-04,130,C,7/28/04,18:57,-163.613,42.696000000000005,445,0,5.2883,0,34.0159,0,1028.9360628317388
441,ct4-9908-04,130,C,7/28/04,18:57,-163.613,42.696000000000005,446,0,5.2832,0,34.0165,0,1028.9418368546933
442,ct4-9908-04,130,C,7/28/04,18:57,-163.613,42.696000000000005,447,0,5.278,0,34.0171,0,1028.9476236444918
443,ct4-9908-04,130,C,7/28/04,18:57,-163.613,42.696000000000005,448,0,5.2728,0,34.0177,0,1028.9534103216042
444,ct4-9908-04,130,C,7/28/04,18:57,-163.613,42.696000000000005,449,0,5.2677,0,34.0183,0,1028.9591840188361
445,ct4-9908-04,130,C,7/28/04,18:57,-163.613,42.696000000000005,450,0,5.2625,0,34.0189,0,1028.9649704737492
446,ct4-9908-04,130,C,7/28/04,18:57,-163.613,42.696000000000005,451,0,5.2573,0,34.0195,0,1028.970756816037
447,ct4-9908-04,130,C,7/28/04,18:57,-163.613,42.696000000000005,452,0,5.2522,0,34.0201,0,1028.9765301877292
448,ct4-9908-04,130,C,7/28/04,18:57,-163.613,42.696000000000005,453,0,5.247000000000001,0,34.0207,0,1028.98231630794
449,ct4-9908-04,130,C,7/28/04,18:57,-163.613,42.696000000000005,454,0,5.2418,0,34.0213,0,1028.9881023155872
450,ct4-9908-04,130,C,7/28/04,18:57,-163.613,42.696000000000005,455,0,5.2366,0,34.0219,0,1028.9938882106906
451,ct4-9908-04,130,C,7/28/04,18:57,-163.613,42.696000000000005,456,0,5.2315,0,34.0225,0,1028.9996611476142
452,ct4-9908-04,130,C,7/28/04,18:57,-163.613,42.696000000000005,457,0,5.2263,0,34.0231,0,1029.0054468208036
453,ct4-9908-04,130,C,7/28/04,18:57,-163.613,42.696000000000005,458,0,5.2211,0,34.0237,0,1029.0112323815106
454,ct4-9908-04,130,C,7/28/04,18:57,-163.613,42.696000000000005,459,0,5.216,0,34.0243,0,1029.0170049933208
455,ct4-9908-04,130,C,7/28/04,18:57,-163.613,42.696000000000005,460,0,5.2108,0,34.0249,0,1029.0227903322361
456,ct4-9908-04,130,C,7/28/04,18:57,-163.613,42.696000000000005,461,0,5.2056,0,34.0255,0,1029.02857555873
457,ct4-9908-04,130,C,7/28/04,18:57,-163.613,42.696000000000005,462,0,5.2005,0,34.0261,0,1029.0343478456098
458,ct4-9908-04,130,C,7/28/04,18:57,-163.613,42.696000000000005,463,0,5.1953,0,34.0267,0,1029.0401328504338
459,ct4-9908-04,130,C,7/28/04,18:57,-163.613,42.696000000000005,464,0,5.1901,0,34.0273,0,1029.0459177428982
460,ct4-9908-04,130,C,7/28/04,18:57,-163.613,42.696000000000005,465,0,5.185,0,34.0279,0,1029.0516897050295
461,ct4-9908-04,130,C,7/28/04,18:57,-163.613,42.696000000000005,466,0,5.1798,0,34.0285,0,1029.057474375946
462,ct4-9908-04,130,C,7/28/04,18:57,-163.613,42.696000000000005,467,0,5.1746,0,34.0291,0,1029.0632589345637
463,ct4-9908-04,130,C,7/28/04,18:57,-163.613,42.696000000000005,468,0,5.1695,0,34.0297,0,1029.0690305721291
464,ct4-9908-04,130,C,7/28/04,18:57,-163.613,42.696000000000005,469,0,5.1643,0,34.0303,0,1029.0748149093206
465,ct4-9908-04,130,C,7/28/04,18:57,-163.613,42.696000000000005,470,0,5.1591,0,34.0309,0,1029.0805991342747
466,ct4-9908-04,130,C,7/28/04,18:57,-163.613,42.696000000000005,471,0,5.154,0,34.0315,0,1029.0863704474573
467,ct4-9908-04,130,C,7/28/04,18:57,-163.613,42.696000000000005,472,0,5.1488,0,34.0321,0,1029.092154451107
468,ct4-9908-04,130,C,7/28/04,18:57,-163.613,42.696000000000005,473,0,5.1436,0,34.0327,0,1029.0979383425804
469,ct4-9908-04,130,C,7/28/04,18:57,-163.613,42.696000000000005,474,0,5.1385,0,34.0333,0,1029.103709331562
470,ct4-9908-04,130,C,7/28/04,18:57,-163.613,42.696000000000005,475,0,5.1333,0,34.0339,0,1029.1094930018533
471,ct4-9908-04,130,C,7/28/04,18:57,-163.613,42.696000000000005,476,0,5.1281,0,34.0345,0,1029.1152765600289
472,ct4-9908-04,130,C,7/28/04,18:57,-163.613,42.696000000000005,477,0,5.1229,0,34.0352,0,1029.1211388666952
473,ct4-9908-04,130,C,7/28/04,18:57,-163.613,42.696000000000005,478,0,5.1178,0,34.0358,0,1029.1269094232546
474,ct4-9908-04,130,C,7/28/04,18:57,-163.613,42.696000000000005,479,0,5.1126,0,34.0364,0,1029.1326926489025
475,ct4-9908-04,130,C,7/28/04,18:57,-163.613,42.696000000000005,480,0,5.1074,0,34.037,0,1029.138475762516
476,ct4-9908-04,130,C,7/28/04,18:57,-163.613,42.696000000000005,481,0,5.1023,0,34.0376,0,1029.1442459952998
477,ct4-9908-04,130,C,7/28/04,18:57,-163.613,42.696000000000005,482,0,5.0971,0,34.0382,0,1029.1500288880159
478,ct4-9908-04,130,C,7/28/04,18:57,-163.613,42.696000000000005,483,0,5.0919,0,34.0388,0,1029.1558116687586
479,ct4-9908-04,130,C,7/28/04,18:57,-163.613,42.696000000000005,484,0,5.0868,0,34.0394,0,1029.1615815779492
480,ct4-9908-04,130,C,7/28/04,18:57,-163.613,42.696000000000005,485,0,5.0816,0,34.04,0,1029.1673641379161
481,ct4-9908-04,130,C,7/28/04,18:57,-163.613,42.696000000000005,486,0,5.0764,0,34.0406,0,1029.1731465859707
482,ct4-9908-04,130,C,7/28/04,18:57,-163.613,42.696000000000005,487,0,5.0713,0,34.0412,0,1029.1789161717497
483,ct4-9908-04,130,C,7/28/04,18:57,-163.613,42.696000000000005,488,0,5.0661,0,34.0418,0,1029.1846983991502
484,ct4-9908-04,130,C,7/28/04,18:57,-163.613,42.696000000000005,489,0,5.0609,0,34.0424,0,1029.1904805146996
485,ct4-9908-04,130,C,7/28/04,18:57,-163.613,42.696000000000005,490,0,5.0558,0,34.043,0,1029.196249777249
486,ct4-9908-04,130,C,7/28/04,18:57,-163.613,42.696000000000005,491,0,5.0506,0,34.0436,0,1029.2020316722658
487,ct4-9908-04,130,C,7/28/04,18:57,-163.613,42.696000000000005,492,0,5.0454,0,34.0442,0,1029.207813455492
488,ct4-9908-04,130,C,7/28/04,18:57,-163.613,42.696000000000005,493,0,5.0403,0,34.0448,0,1029.2135823949939
489,ct4-9908-04,130,C,7/28/04,18:57,-163.613,42.696000000000005,494,0,5.0351,0,34.0454,0,1029.2193639578093
490,ct4-9908-04,130,C,7/28/04,18:57,-163.613,42.696000000000005,495,0,5.0299,0,34.046,0,1029.2251454088948
491,ct4-9908-04,130,C,7/28/04,18:57,-163.613,42.696000000000005,496,0,5.0248,0,34.0466,0,1029.2309140255313
492,ct4-9908-04,130,C,7/28/04,18:57,-163.613,42.696000000000005,497,0,5.0196,0,34.0472,0,1029.2366952563275
493,ct4-9908-04,130,C,7/28/04,18:57,-163.613,42.696000000000005,498,0,5.0144,0,34.0478,0,1029.2424763754552
494,ct4-9908-04,130,C,7/28/04,18:57,-163.613,42.696000000000005,499,0,5.0093,0,34.0484,0,1029.248244669407
495,ct4-9908-04,130,C,7/28/04,18:57,-163.613,42.696000000000005,500,0,5.0041,0,34.049,0,1029.2540255683668
496,ct4-9908-04,130,C,7/28/04,18:57,-163.613,42.696000000000005,501,0,4.9989,0,34.0496,0,1029.2598046595976
497,ct4-9908-04,130,C,7/28/04,18:57,-163.613,42.696000000000005,502,0,4.9937,0,34.0502,0,1029.2655825240047
498,ct4-9908-04,130,C,7/28/04,18:57,-163.613,42.696000000000005,503,0,4.9886,0,34.0508,0,1029.2713475754895
499,ct4-9908-04,130,C,7/28/04,18:57,-163.613,42.696000000000005,504,0,4.9834,0,34.0514,0,1029.2771252195905
500,ct4-9908-04,130,C,7/28/04,18:57,-163.613,42.696000000000005,505,0,4.9782,0,34.052,0,1029.2829027520145
501,ct4-9908-04,130,C,7/28/04,18:57,-163.613,42.696000000000005,506,0,4.9731,0,34.0527,0,1029.2887463581326
502,ct4-9908-04,130,C,7/28/04,18:57,-163.613,42.696000000000005,507,0,4.9679,0,34.0533,0,1029.2945236709527
503,ct4-9908-04,130,C,7/28/04,18:57,-163.613,42.696000000000005,508,0,4.9627,0,34.0539,0,1029.3003008721562
504,ct4-9908-04,130,C,7/28/04,18:57,-163.613,42.696000000000005,509,0,4.9576,0,34.0545,0,1029.306065278962
505,ct4-9908-04,130,C,7/28/04,18:57,-163.613,42.696000000000005,510,0,4.9524,0,34.0551,0,1029.3118422601024
506,ct4-9908-04,130,C,7/28/04,18:57,-163.613,42.696000000000005,511,0,4.9472,0,34.0557,0,1029.317619129687
507,ct4-9908-04,130,C,7/28/04,18:57,-163.613,42.696000000000005,512,0,4.9421,0,34.0563,0,1029.3233832141477
508,ct4-9908-04,130,C,7/28/04,18:57,-163.613,42.696000000000005,513,0,4.9369,0,34.0569,0,1029.3291598637902
509,ct4-9908-04,130,C,7/28/04,18:57,-163.613,42.696000000000005,514,0,4.9317,0,34.0575,0,1029.3349364019375
510,ct4-9908-04,130,C,7/28/04,18:57,-163.613,42.696000000000005,515,0,4.9266,0,34.0581,0,1029.3407001642342
511,ct4-9908-04,130,C,7/28/04,18:57,-163.613,42.696000000000005,516,0,4.9214,0,34.0587,0,1029.3464764825605
512,ct4-9908-04,130,C,7/28/04,18:57,-163.613,42.696000000000005,517,0,4.9162,0,34.0593,0,1029.3522526894528
513,ct4-9908-04,130,C,7/28/04,18:57,-163.613,42.696000000000005,518,0,4.9111,0,34.0599,0,1029.3580161297664
514,ct4-9908-04,130,C,7/28/04,18:57,-163.613,42.696000000000005,519,0,4.9059,0,34.0605,0,1029.3637921169586
515,ct4-9908-04,130,C,7/28/04,18:57,-163.613,42.696000000000005,520,0,4.9007,0,34.0611,0,1029.369567992777
516,ct4-9908-04,130,C,7/28/04,18:57,-163.613,42.696000000000005,521,0,4.8956,0,34.0617,0,1029.3753311112891
517,ct4-9908-04,130,C,7/28/04,18:57,-163.613,42.696000000000005,522,0,4.8904,0,34.0623,0,1029.3811067675288
518,ct4-9908-04,130,C,7/28/04,18:57,-163.613,42.696000000000005,523,0,4.8852,0,34.0629,0,1029.386882312455
519,ct4-9908-04,130,C,7/28/04,18:57,-163.613,42.696000000000005,524,0,4.88,0,34.0635,0,1029.392657746089
520,ct4-9908-04,130,C,7/28/04,18:57,-163.613,42.696000000000005,525,0,4.8749,0,34.0641,0,1029.398420434815
521,ct4-9908-04,130,C,7/28/04,18:57,-163.613,42.696000000000005,526,0,4.8697,0,34.0647,0,1029.4041956490314
522,ct4-9908-04,130,C,7/28/04,18:57,-163.613,42.696000000000005,527,0,4.8645,0,34.0653,0,1029.409970752015
523,ct4-9908-04,130,C,7/28/04,18:57,-163.613,42.696000000000005,528,0,4.8594,0,34.0659,0,1029.4157331193614
524,ct4-9908-04,130,C,7/28/04,18:57,-163.613,42.696000000000005,529,0,4.8542,0,34.0665,0,1029.4215080030488
525,ct4-9908-04,130,C,7/28/04,18:57,-163.613,42.696000000000005,530,0,4.849,0,34.0671,0,1029.4272827755642
526,ct4-9908-04,130,C,7/28/04,18:57,-163.613,42.696000000000005,531,0,4.8439,0,34.0677,0,1029.433044821712
527,ct4-9908-04,130,C,7/28/04,18:57,-163.613,42.696000000000005,532,0,4.8387,0,34.0683,0,1029.438819375052
528,ct4-9908-04,130,C,7/28/04,18:57,-163.613,42.696000000000005,533,0,4.8335,0,34.0689,0,1029.4445938172805
529,ct4-9908-04,130,C,7/28/04,18:57,-163.613,42.696000000000005,534,0,4.8284,0,34.0695,0,1029.4503555424103
530,ct4-9908-04,130,C,7/28/04,18:57,-163.613,42.696000000000005,535,0,4.8232,0,34.0701,0,1029.4561297655841
531,ct4-9908-04,130,C,7/28/04,18:57,-163.613,42.696000000000005,536,0,4.8180000000000005,0,34.0707,0,1029.461903877707
532,ct4-9908-04,130,C,7/28/04,18:57,-163.613,42.696000000000005,537,0,4.8129,0,34.0714,0,1029.467744177139
533,ct4-9908-04,130,C,7/28/04,18:57,-163.613,42.696000000000005,538,0,4.8077,0,34.071999999999996,0,1029.4735180709113
534,ct4-9908-04,130,C,7/28/04,18:57,-163.613,42.696000000000005,539,0,4.8025,0,34.0726,0,1029.4792918536934
535,ct4-9908-04,130,C,7/28/04,18:57,-163.613,42.696000000000005,540,0,4.7974,0,34.0732,0,1029.4850529378878
536,ct4-9908-04,130,C,7/28/04,18:57,-163.613,42.696000000000005,541,0,4.7922,0,34.0738,0,1029.4908265018569
537,ct4-9908-04,130,C,7/28/04,18:57,-163.613,42.696000000000005,542,0,4.787,0,34.0744,0,1029.496599954896
538,ct4-9908-04,130,C,7/28/04,18:57,-163.613,42.696000000000005,543,0,4.7819,0,34.075,0,1029.5023607186142
539,ct4-9908-04,130,C,7/28/04,18:57,-163.613,42.696000000000005,544,0,4.7767,0,34.0756,0,1029.508133952961
540,ct4-9908-04,130,C,7/28/04,18:57,-163.613,42.696000000000005,545,0,4.7715,0,34.0762,0,1029.5139070764385
541,ct4-9908-04,130,C,7/28/04,18:57,-163.613,42.696000000000005,546,0,4.7663,0,34.0768,0,1029.519680089067
542,ct4-9908-04,130,C,7/28/04,18:57,-163.613,42.696000000000005,547,0,4.7612,0,34.0774,0,1029.5254404247667
543,ct4-9908-04,130,C,7/28/04,18:57,-163.613,42.696000000000005,548,0,4.756,0,34.078,0,1029.5312132188633
544,ct4-9908-04,130,C,7/28/04,18:57,-163.613,42.696000000000005,549,0,4.7508,0,34.0786,0,1029.5369859021712
545,ct4-9908-04,130,C,7/28/04,18:57,-163.613,42.696000000000005,550,0,4.7457,0,34.0792,0,1029.542745917816
546,ct4-9908-04,130,C,7/28/04,18:57,-163.613,42.696000000000005,551,0,4.7405,0,34.0798,0,1029.5485183827127
547,ct4-9908-04,130,C,7/28/04,18:57,-163.613,42.696000000000005,552,0,4.7353,0,34.0804,0,1029.554290736881
548,ct4-9908-04,130,C,7/28/04,18:57,-163.613,42.696000000000005,553,0,4.7302,0,34.080999999999996,0,1029.5600504326515
549,ct4-9908-04,130,C,7/28/04,18:57,-163.613,42.696000000000005,554,0,4.725,0,34.0816,0,1029.5658225685288
550,ct4-9908-04,130,C,7/28/04,18:57,-163.613,42.696000000000005,555,0,4.7198,0,34.0822,0,1029.5715945937384
551,ct4-9908-04,130,C,7/28/04,18:57,-163.613,42.696000000000005,556,0,4.7147,0,34.0828,0,1029.5773539698143
552,ct4-9908-04,130,C,7/28/04,18:57,-163.613,42.696000000000005,557,0,4.7095,0,34.0834,0,1029.5831257768536
553,ct4-9908-04,130,C,7/28/04,18:57,-163.613,42.696000000000005,558,0,4.7043,0,34.084,0,1029.588897473285
554,ct4-9908-04,130,C,7/28/04,18:57,-163.613,42.696000000000005,559,0,4.6992,0,34.0846,0,1029.5946565298466
555,ct4-9908-04,130,C,7/28/04,18:57,-163.613,42.696000000000005,560,0,4.694,0,34.0852,0,1029.6004280082284
556,ct4-9908-04,130,C,7/28/04,18:57,-163.613,42.696000000000005,561,0,4.6888,0,34.0858,0,1029.6061993760625
557,ct4-9908-04,130,C,7/28/04,18:57,-163.613,42.696000000000005,562,0,4.6837,0,34.0864,0,1029.6119581132896
558,ct4-9908-04,130,C,7/28/04,18:57,-163.613,42.696000000000005,563,0,4.6785,0,34.086999999999996,0,1029.6177292631944
559,ct4-9908-04,130,C,7/28/04,18:57,-163.613,42.696000000000005,564,0,4.6733,0,34.0876,0,1029.623500302612
560,ct4-9908-04,130,C,7/28/04,18:57,-163.613,42.696000000000005,565,0,4.6682,0,34.0882,0,1029.629258720685
561,ct4-9908-04,130,C,7/28/04,18:57,-163.613,42.696000000000005,566,0,4.663,0,34.0888,0,1029.635029542293
562,ct4-9908-04,130,C,7/28/04,18:57,-163.613,42.696000000000005,567,0,4.6578,0,34.0894,0,1029.6408002534745
563,ct4-9908-04,130,C,7/28/04,18:57,-163.613,42.696000000000005,568,0,4.6527,0,34.0901,0,1029.6466372655905
564,ct4-9908-04,130,C,7/28/04,18:57,-163.613,42.696000000000005,569,0,4.6475,0,34.0907,0,1029.6524077596691
565,ct4-9908-04,130,C,7/28/04,18:57,-163.613,42.696000000000005,570,0,4.6423,0,34.0913,0,1029.658178143381
566,ct4-9908-04,130,C,7/28/04,18:57,-163.613,42.696000000000005,571,0,4.6371,0,34.0919,0,1029.6639484167463
567,ct4-9908-04,130,C,7/28/04,18:57,-163.613,42.696000000000005,572,0,4.632,0,34.0925,0,1029.6697060903887
568,ct4-9908-04,130,C,7/28/04,18:57,-163.613,42.696000000000005,573,0,4.6268,0,34.0931,0,1029.6754761462257
569,ct4-9908-04,130,C,7/28/04,18:57,-163.613,42.696000000000005,574,0,4.6216,0,34.0937,0,1029.681246091776
570,ct4-9908-04,130,C,7/28/04,18:57,-163.613,42.696000000000005,575,0,4.6165,0,34.0943,0,1029.6870034468639
571,ct4-9908-04,130,C,7/28/04,18:57,-163.613,42.696000000000005,576,0,4.6113,0,34.0949,0,1029.6927731750059
572,ct4-9908-04,130,C,7/28/04,18:57,-163.613,42.696000000000005,577,0,4.6061,0,34.0955,0,1029.6985427929214
573,ct4-9908-04,130,C,7/28/04,18:57,-163.613,42.696000000000005,578,0,4.601,0,34.0961,0,1029.7042998296342
574,ct4-9908-04,130,C,7/28/04,18:57,-163.613,42.696000000000005,579,0,4.5958,0,34.0967,0,1029.7100692302615
575,ct4-9908-04,130,C,7/28/04,18:57,-163.613,42.696000000000005,580,0,4.5906,0,34.0973,0,1029.7158385207226
576,ct4-9908-04,130,C,7/28/04,18:57,-163.613,42.696000000000005,581,0,4.5855,0,34.0979,0,1029.72159523924
577,ct4-9908-04,130,C,7/28/04,18:57,-163.613,42.696000000000005,582,0,4.5803,0,34.0985,0,1029.7273643125327
578,ct4-9908-04,130,C,7/28/04,18:57,-163.613,42.696000000000005,583,0,4.5751,0,34.0991,0,1029.7331332757196
579,ct4-9908-04,130,C,7/28/04,18:57,-163.613,42.696000000000005,584,0,4.57,0,34.0997,0,1029.7388896762207
580,ct4-9908-04,130,C,7/28/04,18:57,-163.613,42.696000000000005,585,0,4.5648,0,34.1003,0,1029.7446584223592
581,ct4-9908-04,130,C,7/28/04,18:57,-163.613,42.696000000000005,586,0,4.5596,0,34.1009,0,1029.7504270584516
582,ct4-9908-04,130,C,7/28/04,18:57,-163.613,42.696000000000005,587,0,4.5545,0,34.1015,0,1029.756183141116
583,ct4-9908-04,130,C,7/28/04,18:57,-163.613,42.696000000000005,588,0,4.5493,0,34.1021,0,1029.7619515602798
584,ct4-9908-04,130,C,7/28/04,18:57,-163.613,42.696000000000005,589,0,4.5441,0,34.1027,0,1029.7677198694578
585,ct4-9908-04,130,C,7/28/04,18:57,-163.613,42.696000000000005,590,0,4.539,0,34.1033,0,1029.7734756344653
586,ct4-9908-04,130,C,7/28/04,18:57,-163.613,42.696000000000005,591,0,4.5338,0,34.1039,0,1029.7792437268342
587,ct4-9908-04,130,C,7/28/04,18:57,-163.613,42.696000000000005,592,0,4.5286,0,34.1045,0,1029.7850117092776
588,ct4-9908-04,130,C,7/28/04,18:57,-163.613,42.696000000000005,593,0,4.5234,0,34.1051,0,1029.790779581815
589,ct4-9908-04,130,C,7/28/04,18:57,-163.613,42.696000000000005,594,0,4.5183,0,34.1057,0,1029.7965349225612
590,ct4-9908-04,130,C,7/28/04,18:57,-163.613,42.696000000000005,595,0,4.5131,0,34.1063,0,1029.80230257845
591,ct4-9908-04,130,C,7/28/04,18:57,-163.613,42.696000000000005,596,0,4.5079,0,34.1069,0,1029.8080701244928
592,ct4-9908-04,130,C,7/28/04,18:57,-163.613,42.696000000000005,597,0,4.5028,0,34.1075,0,1029.8138251479998
593,ct4-9908-04,130,C,7/28/04,18:57,-163.613,42.696000000000005,598,0,4.4976,0,34.1082,0,1029.8196714079256
594,ct4-9908-04,130,C,7/28/04,18:57,-163.613,42.696000000000005,599,0,4.4924,0,34.1088,0,1029.825438628242
595,ct4-9908-04,130,C,7/28/04,18:57,-163.613,42.696000000000005,600,0,4.4873,0,34.1094,0,1029.8311933352525
596,ct4-9908-04,130,C,7/28/04,18:57,-163.613,42.696000000000005,601,0,4.4821,0,34.11,0,1029.8369581226193
597,ct4-9908-04,130,C,7/28/04,18:57,-163.613,42.696000000000005,602,0,4.4769,0,34.1106,0,1029.8427217073215
598,ct4-9908-04,130,C,7/28/04,18:57,-163.613,42.696000000000005,603,0,4.4718,0,34.1112,0,1029.8484727877985
599,ct4-9908-04,130,C,7/28/04,18:57,-163.613,42.696000000000005,604,0,4.4666,0,34.1118,0,1029.8542361558573
600,ct4-9908-04,130,C,7/28/04,18:57,-163.613,42.696000000000005,605,0,4.4614,0,34.1124,0,1029.8599994140725
601,ct4-9908-04,130,C,7/28/04,18:57,-163.613,42.696000000000005,606,0,4.4563,0,34.113,0,1029.8657501773191
602,ct4-9908-04,130,C,7/28/04,18:57,-163.613,42.696000000000005,607,0,4.4511,0,34.1136,0,1029.8715132190102
603,ct4-9908-04,130,C,7/28/04,18:57,-163.613,42.696000000000005,608,0,4.4459,0,34.1142,0,1029.8772761509174
604,ct4-9908-04,130,C,7/28/04,18:57,-163.613,42.696000000000005,609,0,4.4408,0,34.1148,0,1029.8830265971123
605,ct4-9908-04,130,C,7/28/04,18:57,-163.613,42.696000000000005,610,0,4.4356,0,34.1154,0,1029.8887893126148
606,ct4-9908-04,130,C,7/28/04,18:57,-163.613,42.696000000000005,611,0,4.4304,0,34.116,0,1029.8945519183933
607,ct4-9908-04,130,C,7/28/04,18:57,-163.613,42.696000000000005,612,0,4.4253,0,34.1166,0,1029.9003020477153
608,ct4-9908-04,130,C,7/28/04,18:57,-163.613,42.696000000000005,613,0,4.4201,0,34.1172,0,1029.9060644372082
609,ct4-9908-04,130,C,7/28/04,18:57,-163.613,42.696000000000005,614,0,4.4149,0,34.1178,0,1029.9118267170372
610,ct4-9908-04,130,C,7/28/04,18:57,-163.613,42.696000000000005,615,0,4.4097,0,34.1184,0,1029.9175888872219
611,ct4-9908-04,130,C,7/28/04,18:57,-163.613,42.696000000000005,616,0,4.4046,0,34.119,0,1029.9233385933276
612,ct4-9908-04,130,C,7/28/04,18:57,-163.613,42.696000000000005,617,0,4.3994,0,34.1196,0,1029.9291005473858
613,ct4-9908-04,130,C,7/28/04,18:57,-163.613,42.696000000000005,618,0,4.3942,0,34.1202,0,1029.9348623918597
614,ct4-9908-04,130,C,7/28/04,18:57,-163.613,42.696000000000005,619,0,4.3891,0,34.1208,0,1029.9406117815095
615,ct4-9908-04,130,C,7/28/04,18:57,-163.613,42.696000000000005,620,0,4.3839,0,34.1214,0,1029.946373409976
616,ct4-9908-04,130,C,7/28/04,18:57,-163.613,42.696000000000005,621,0,4.3787,0,34.122,0,1029.952134928918
617,ct4-9908-04,130,C,7/28/04,18:57,-163.613,42.696000000000005,622,0,4.3736,0,34.1226,0,1029.9578840022898
618,ct4-9908-04,130,C,7/28/04,18:57,-163.613,42.696000000000005,623,0,4.3684,0,34.1232,0,1029.9636453053438
619,ct4-9908-04,130,C,7/28/04,18:57,-163.613,42.696000000000005,624,0,4.3632,0,34.1238,0,1029.9694064989328
620,ct4-9908-04,130,C,7/28/04,18:57,-163.613,42.696000000000005,625,0,4.3581,0,34.1244,0,1029.9751552562047
621,ct4-9908-04,130,C,7/28/04,18:57,-163.613,42.696000000000005,626,0,4.3529,0,34.125,0,1029.9809162340252
622,ct4-9908-04,130,C,7/28/04,18:57,-163.613,42.696000000000005,627,0,4.3477,0,34.1256,0,1029.98667710244
623,ct4-9908-04,130,C,7/28/04,18:57,-163.613,42.696000000000005,628,0,4.3426,0,34.1262,0,1029.992425543791
624,ct4-9908-04,130,C,7/28/04,18:57,-163.613,42.696000000000005,629,0,4.3374,0,34.1269,0,1029.998265144722
625,ct4-9908-04,130,C,7/28/04,18:57,-163.613,42.696000000000005,630,0,4.3322,0,34.1275,0,1030.0040256887232
626,ct4-9908-04,130,C,7/28/04,18:57,-163.613,42.696000000000005,631,0,4.3271,0,34.1281,0,1030.0097738148863
627,ct4-9908-04,130,C,7/28/04,18:57,-163.613,42.696000000000005,632,0,4.3219,0,34.1287,0,1030.015534143357
628,ct4-9908-04,130,C,7/28/04,18:57,-163.613,42.696000000000005,633,0,4.3167,0,34.1293,0,1030.0212943625415
629,ct4-9908-04,130,C,7/28/04,18:57,-163.613,42.696000000000005,634,0,4.3116,0,34.1299,0,1030.0270421731398
630,ct4-9908-04,130,C,7/28/04,18:57,-163.613,42.696000000000005,635,0,4.3064,0,34.1305,0,1030.0328021769128
631,ct4-9908-04,130,C,7/28/04,18:57,-163.613,42.696000000000005,636,0,4.3012,0,34.1311,0,1030.0385620714594
632,ct4-9908-04,130,C,7/28/04,18:57,-163.613,42.696000000000005,637,0,4.2961,0,34.1317,0,1030.0443095666708
633,ct4-9908-04,130,C,7/28/04,18:57,-163.613,42.696000000000005,638,0,4.2909,0,34.1323,0,1030.0500692459252
634,ct4-9908-04,130,C,7/28/04,18:57,-163.613,42.696000000000005,639,0,4.2857,0,34.1329,0,1030.0558288160123
635,ct4-9908-04,130,C,7/28/04,18:57,-163.613,42.696000000000005,640,0,4.2805,0,34.1335,0,1030.061588276952
636,ct4-9908-04,130,C,7/28/04,18:57,-163.613,42.696000000000005,641,0,4.2754,0,34.1341,0,1030.0673353509283
637,ct4-9908-04,130,C,7/28/04,18:57,-163.613,42.696000000000005,642,0,4.2702,0,34.1347,0,1030.0730945967343
638,ct4-9908-04,130,C,7/28/04,18:57,-163.613,42.696000000000005,643,0,4.265,0,34.1353,0,1030.0788537334531
639,ct4-9908-04,130,C,7/28/04,18:57,-163.613,42.696000000000005,644,0,4.2599,0,34.1359,0,1030.084600492457
640,ct4-9908-04,130,C,7/28/04,18:57,-163.613,42.696000000000005,645,0,4.2547,0,34.1365,0,1030.0903594141605
641,ct4-9908-04,130,C,7/28/04,18:57,-163.613,42.696000000000005,646,0,4.2495,0,34.1371,0,1030.0961182268356
642,ct4-9908-04,130,C,7/28/04,18:57,-163.613,42.696000000000005,647,0,4.2444,0,34.1377,0,1030.1018646710454
643,ct4-9908-04,130,C,7/28/04,18:57,-163.613,42.696000000000005,648,0,4.2392,0,34.1383,0,1030.1076232688247
644,ct4-9908-04,130,C,7/28/04,18:57,-163.613,42.696000000000005,649,0,4.234,0,34.1389,0,1030.113381757635
645,ct4-9908-04,130,C,7/28/04,18:57,-163.613,42.696000000000005,650,0,4.2289,0,34.1395,0,1030.1191278872282
646,ct4-9908-04,130,C,7/28/04,18:57,-163.613,42.696000000000005,651,0,4.2237,0,34.1401,0,1030.1248861612612
647,ct4-9908-04,130,C,7/28/04,18:57,-163.613,42.696000000000005,652,0,4.2185,0,34.1407,0,1030.1306443263845
648,ct4-9908-04,130,C,7/28/04,18:57,-163.613,42.696000000000005,653,0,4.2134,0,34.1413,0,1030.1363901415389
649,ct4-9908-04,130,C,7/28/04,18:57,-163.613,42.696000000000005,654,0,4.2082,0,34.1419,0,1030.1421480920035
650,ct4-9908-04,130,C,7/28/04,18:57,-163.613,42.696000000000005,655,0,4.203,0,34.1425,0,1030.1479059336184
651,ct4-9908-04,130,C,7/28/04,18:57,-163.613,42.696000000000005,656,0,4.1979,0,34.1431,0,1030.1536514345112
652,ct4-9908-04,130,C,7/28/04,18:57,-163.613,42.696000000000005,657,0,4.1927,0,34.1437,0,1030.1594090615858
653,ct4-9908-04,130,C,7/28/04,18:57,-163.613,42.696000000000005,658,0,4.1875,0,34.1443,0,1030.1651665798695
654,ct4-9908-04,130,C,7/28/04,18:57,-163.613,42.696000000000005,659,0,4.1824,0,34.145,0,1030.170990732069
655,ct4-9908-04,130,C,7/28/04,18:57,-163.613,42.696000000000005,660,0,4.1772,0,34.1456,0,1030.1767480365152
656,ct4-9908-04,130,C,7/28/04,18:57,-163.613,42.696000000000005,661,0,4.172,0,34.1462,0,1030.1825052322301
657,ct4-9908-04,130,C,7/28/04,18:57,-163.613,42.696000000000005,662,0,4.1668,0,34.1468,0,1030.188262319234
658,ct4-9908-04,130,C,7/28/04,18:57,-163.613,42.696000000000005,663,0,4.1617,0,34.1474,0,1030.1940070871026
659,ct4-9908-04,130,C,7/28/04,18:57,-163.613,42.696000000000005,664,0,4.1565,0,34.148,0,1030.1997639598428
660,ct4-9908-04,130,C,7/28/04,18:57,-163.613,42.696000000000005,665,0,4.1513,0,34.1486,0,1030.2055207239312
661,ct4-9908-04,130,C,7/28/04,18:57,-163.613,42.696000000000005,666,0,4.1462,0,34.1492,0,1030.2112651781295
662,ct4-9908-04,130,C,7/28/04,18:57,-163.613,42.696000000000005,667,0,4.141,0,34.1498,0,1030.2170217280725
663,ct4-9908-04,130,C,7/28/04,18:57,-163.613,42.696000000000005,668,0,4.1358,0,34.1504,0,1030.2227781694228
664,ct4-9908-04,130,C,7/28/04,18:57,-163.613,42.696000000000005,669,0,4.1307,0,34.150999999999996,0,1030.2285223101285
665,ct4-9908-04,130,C,7/28/04,18:57,-163.613,42.696000000000005,670,0,4.1255,0,34.1516,0,1030.2342785374522
666,ct4-9908-04,130,C,7/28/04,18:57,-163.613,42.696000000000005,671,0,4.1203,0,34.1522,0,1030.2400346562424
667,ct4-9908-04,130,C,7/28/04,18:57,-163.613,42.696000000000005,672,0,4.1152,0,34.1528,0,1030.2457784836317
668,ct4-9908-04,130,C,7/28/04,18:57,-163.613,42.696000000000005,673,0,4.11,0,34.1534,0,1030.2515343885136
669,ct4-9908-04,130,C,7/28/04,18:57,-163.613,42.696000000000005,674,0,4.1077,0,34.1538,0,1030.2567790650392
670,ct4-9908-04,130,C,7/28/04,18:57,-163.613,42.696000000000005,675,0,4.1055,0,34.1541,0,1030.26193256491
671,ct4-9908-04,130,C,7/28/04,18:57,-163.613,42.696000000000005,676,0,4.1032,0,34.1545,0,1030.267177194731
672,ct4-9908-04,130,C,7/28/04,18:57,-163.613,42.696000000000005,677,0,4.1009,0,34.1549,0,1030.2724218011926
673,ct4-9908-04,130,C,7/28/04,18:57,-163.613,42.696000000000005,678,0,4.0986,0,34.1553,0,1030.2776663843008
674,ct4-9908-04,130,C,7/28/04,18:57,-163.613,42.696000000000005,679,0,4.0964,0,34.1556,0,1030.2828197908354
675,ct4-9908-04,130,C,7/28/04,18:57,-163.613,42.696000000000005,680,0,4.0941,0,34.156,0,1030.2880643272824
676,ct4-9908-04,130,C,7/28/04,18:57,-163.613,42.696000000000005,681,0,4.0918,0,34.1564,0,1030.2933088403922
677,ct4-9908-04,130,C,7/28/04,18:57,-163.613,42.696000000000005,682,0,4.0896,0,34.1568,0,1030.2985411488628
678,ct4-9908-04,130,C,7/28/04,18:57,-163.613,42.696000000000005,683,0,4.0873,0,34.1571,0,1030.3037066434538
679,ct4-9908-04,130,C,7/28/04,18:57,-163.613,42.696000000000005,684,0,4.085,0,34.1575,0,1030.3089510866141
680,ct4-9908-04,130,C,7/28/04,18:57,-163.613,42.696000000000005,685,0,4.0828,0,34.1579,0,1030.3141833246505
681,ct4-9908-04,130,C,7/28/04,18:57,-163.613,42.696000000000005,686,0,4.0805,0,34.1583,0,1030.319427721048
682,ct4-9908-04,130,C,7/28/04,18:57,-163.613,42.696000000000005,687,0,4.0782,0,34.1586,0,1030.324593123112
683,ct4-9908-04,130,C,7/28/04,18:57,-163.613,42.696000000000005,688,0,4.0759,0,34.159,0,1030.329837473073
684,ct4-9908-04,130,C,7/28/04,18:57,-163.613,42.696000000000005,689,0,4.0737,0,34.1594,0,1030.3350696172909
685,ct4-9908-04,130,C,7/28/04,18:57,-163.613,42.696000000000005,690,0,4.0714,0,34.1598,0,1030.3403139205327
686,ct4-9908-04,130,C,7/28/04,18:57,-163.613,42.696000000000005,691,0,4.0691,0,34.1601,0,1030.345479230157
687,ct4-9908-04,130,C,7/28/04,18:57,-163.613,42.696000000000005,692,0,4.0669,0,34.1605,0,1030.3507113040512
688,ct4-9908-04,130,C,7/28/04,18:57,-163.613,42.696000000000005,693,0,4.0646,0,34.1609,0,1030.3559555374904
689,ct4-9908-04,130,C,7/28/04,18:57,-163.613,42.696000000000005,694,0,4.0623,0,34.1613,0,1030.361199747664
690,ct4-9908-04,130,C,7/28/04,18:57,-163.613,42.696000000000005,695,0,4.06,0,34.1616,0,1030.3663649649366
691,ct4-9908-04,130,C,7/28/04,18:57,-163.613,42.696000000000005,696,0,4.0578,0,34.162,0,1030.3715969451596
692,ct4-9908-04,130,C,7/28/04,18:57,-163.613,42.696000000000005,697,0,4.0555,0,34.1624,0,1030.3768410855957
693,ct4-9908-04,130,C,7/28/04,18:57,-163.613,42.696000000000005,698,0,4.0532,0,34.1628,0,1030.3820852027886
694,ct4-9908-04,130,C,7/28/04,18:57,-163.613,42.696000000000005,699,0,4.051,0,34.1631,0,1030.387238143685
695,ct4-9908-04,130,C,7/28/04,18:57,-163.613,42.696000000000005,700,0,4.0487,0,34.1635,0,1030.3924822144331
696,ct4-9908-04,130,C,7/28/04,18:57,-163.613,42.696000000000005,701,0,4.0464,0,34.1639,0,1030.3977252055904
697,ct4-9908-04,130,C,7/28/04,18:57,-163.613,42.696000000000005,702,0,4.0441,0,34.1643,0,1030.402967883276
698,ct4-9908-04,130,C,7/28/04,18:57,-163.613,42.696000000000005,703,0,4.0419,0,34.1646,0,1030.4081193847103
699,ct4-9908-04,130,C,7/28/04,18:57,-163.613,42.696000000000005,704,0,4.0396,0,34.165,0,1030.4133620159366
700,ct4-9908-04,130,C,7/28/04,18:57,-163.613,42.696000000000005,705,0,4.0373,0,34.1654,0,1030.4186046239274
701,ct4-9908-04,130,C,7/28/04,18:57,-163.613,42.696000000000005,706,0,4.0351,0,34.1657,0,1030.4237560557115
702,ct4-9908-04,130,C,7/28/04,18:57,-163.613,42.696000000000005,707,0,4.0328,0,34.1661,0,1030.4289986172753
703,ct4-9908-04,130,C,7/28/04,18:57,-163.613,42.696000000000005,708,0,4.0305,0,34.1665,0,1030.4342411556195
704,ct4-9908-04,130,C,7/28/04,18:57,-163.613,42.696000000000005,709,0,4.0283,0,34.1669,0,1030.439471484937
705,ct4-9908-04,130,C,7/28/04,18:57,-163.613,42.696000000000005,710,0,4.026,0,34.1672,0,1030.444635009751
706,ct4-9908-04,130,C,7/28/04,18:57,-163.613,42.696000000000005,711,0,4.0237,0,34.1676,0,1030.4498774784977
707,ct4-9908-04,130,C,7/28/04,18:57,-163.613,42.696000000000005,712,0,4.0214,0,34.168,0,1030.455119924047
708,ct4-9908-04,130,C,7/28/04,18:57,-163.613,42.696000000000005,713,0,4.0192,0,34.1684,0,1030.460350159934
709,ct4-9908-04,130,C,7/28/04,18:57,-163.613,42.696000000000005,714,0,4.0169,0,34.1687,0,1030.4655135927069
710,ct4-9908-04,130,C,7/28/04,18:57,-163.613,42.696000000000005,715,0,4.0146,0,34.1691,0,1030.470755968724
711,ct4-9908-04,130,C,7/28/04,18:57,-163.613,42.696000000000005,716,0,4.0124,0,34.1695,0,1030.475986134578
712,ct4-9908-04,130,C,7/28/04,18:57,-163.613,42.696000000000005,717,0,4.0101,0,34.1699,0,1030.481228464106
713,ct4-9908-04,130,C,7/28/04,18:57,-163.613,42.696000000000005,718,0,4.0078,0,34.1702,0,1030.4863918049246
714,ct4-9908-04,130,C,7/28/04,18:57,-163.613,42.696000000000005,719,0,4.0055,0,34.1706,0,1030.4916340882994
715,ct4-9908-04,130,C,7/28/04,18:57,-163.613,42.696000000000005,720,0,4.0033,0,34.171,0,1030.4968641608705
716,ct4-9908-04,130,C,7/28/04,18:57,-163.613,42.696000000000005,721,0,4.001,0,34.1714,0,1030.502106397799
717,ct4-9908-04,130,C,7/28/04,18:57,-163.613,42.696000000000005,722,0,3.9987,0,34.1717,0,1030.5072696467507
718,ct4-9908-04,130,C,7/28/04,18:57,-163.613,42.696000000000005,723,0,3.9965,0,34.1721,0,1030.5124996493994
719,ct4-9908-04,130,C,7/28/04,18:57,-163.613,42.696000000000005,724,0,3.9942,0,34.1725,0,1030.517741816942
720,ct4-9908-04,130,C,7/28/04,18:57,-163.613,42.696000000000005,725,0,3.9919,0,34.1729,0,1030.5229839613582
721,ct4-9908-04,130,C,7/28/04,18:57,-163.613,42.696000000000005,726,0,3.9896,0,34.1732,0,1030.5281471185306
722,ct4-9908-04,130,C,7/28/04,18:57,-163.613,42.696000000000005,727,0,3.9874,0,34.1736,0,1030.5333770280429
723,ct4-9908-04,130,C,7/28/04,18:57,-163.613,42.696000000000005,728,0,3.9851,0,34.174,0,1030.5386191031382
724,ct4-9908-04,130,C,7/28/04,18:57,-163.613,42.696000000000005,729,0,3.9828,0,34.1744,0,1030.5438611551294
725,ct4-9908-04,130,C,7/28/04,18:57,-163.613,42.696000000000005,730,0,3.9806,0,34.1747,0,1030.5490120312459
726,ct4-9908-04,130,C,7/28/04,18:57,-163.613,42.696000000000005,731,0,3.9783,0,34.1751,0,1030.5542540370695
727,ct4-9908-04,130,C,7/28/04,18:57,-163.613,42.696000000000005,732,0,3.9760000000000004,0,34.1755,0,1030.5594960198048
728,ct4-9908-04,130,C,7/28/04,18:57,-163.613,42.696000000000005,733,0,3.9738,0,34.1759,0,1030.5647257895423
729,ct4-9908-04,130,C,7/28/04,18:57,-163.613,42.696000000000005,734,0,3.9715,0,34.1762,0,1030.5698887632957
730,ct4-9908-04,130,C,7/28/04,18:57,-163.613,42.696000000000005,735,0,3.9692,0,34.1766,0,1030.575130676824
731,ct4-9908-04,130,C,7/28/04,18:57,-163.613,42.696000000000005,736,0,3.9669,0,34.177,0,1030.5803725672863
732,ct4-9908-04,130,C,7/28/04,18:57,-163.613,42.696000000000005,737,0,3.9647,0,34.1774,0,1030.5856022440976
733,ct4-9908-04,130,C,7/28/04,18:57,-163.613,42.696000000000005,738,0,3.9624,0,34.1777,0,1030.590765126332
734,ct4-9908-04,130,C,7/28/04,18:57,-163.613,42.696000000000005,739,0,3.9601,0,34.1781,0,1030.596006947652
735,ct4-9908-04,130,C,7/28/04,18:57,-163.613,42.696000000000005,740,0,3.9579,0,34.1785,0,1030.6012365548074
736,ct4-9908-04,130,C,7/28/04,18:57,-163.613,42.696000000000005,741,0,3.9556,0,34.1789,0,1030.6064783298966
737,ct4-9908-04,130,C,7/28/04,18:57,-163.613,42.696000000000005,742,0,3.9533,0,34.1792,0,1030.611641120699
738,ct4-9908-04,130,C,7/28/04,18:57,-163.613,42.696000000000005,743,0,3.951,0,34.1796,0,1030.616882849898
739,ct4-9908-04,130,C,7/28/04,18:57,-163.613,42.696000000000005,744,0,3.9488,0,34.18,0,1030.6221123642738
740,ct4-9908-04,130,C,7/28/04,18:57,-163.613,42.696000000000005,745,0,3.9465,0,34.1804,0,1030.6273540472848
741,ct4-9908-04,130,C,7/28/04,18:57,-163.613,42.696000000000005,746,0,3.9442,0,34.1807,0,1030.6325167467419
742,ct4-9908-04,130,C,7/28/04,18:57,-163.613,42.696000000000005,747,0,3.9419999999999997,0,34.1811,0,1030.6377461915715
743,ct4-9908-04,130,C,7/28/04,18:57,-163.613,42.696000000000005,748,0,3.9397,0,34.1815,0,1030.6429878055862
744,ct4-9908-04,130,C,7/28/04,18:57,-163.613,42.696000000000005,749,0,3.9374,0,34.1818,0,1030.6481504366038
745,ct4-9908-04,130,C,7/28/04,18:57,-163.613,42.696000000000005,750,0,3.9351,0,34.1822,0,1030.6533920048048
746,ct4-9908-04,130,C,7/28/04,18:57,-163.613,42.696000000000005,751,0,3.9329,0,34.1826,0,1030.6586213570015
747,ct4-9908-04,130,C,7/28/04,18:57,-163.613,42.696000000000005,752,0,3.9306,0,34.183,0,1030.6638628790895
748,ct4-9908-04,130,C,7/28/04,18:57,-163.613,42.696000000000005,753,0,3.9283,0,34.1833,0,1030.6690254189139
749,ct4-9908-04,130,C,7/28/04,18:57,-163.613,42.696000000000005,754,0,3.9261,0,34.1837,0,1030.6742547016738
750,ct4-9908-04,130,C,7/28/04,18:57,-163.613,42.696000000000005,755,0,3.9238,0,34.1841,0,1030.6794961548794
751,ct4-9908-04,130,C,7/28/04,18:57,-163.613,42.696000000000005,756,0,3.9215,0,34.1845,0,1030.684737585128
752,ct4-9908-04,130,C,7/28/04,18:57,-163.613,42.696000000000005,757,0,3.9193,0,34.1848,0,1030.689887839748
753,ct4-9908-04,130,C,7/28/04,18:57,-163.613,42.696000000000005,758,0,3.917,0,34.1852,0,1030.6951292241195
754,ct4-9908-04,130,C,7/28/04,18:57,-163.613,42.696000000000005,759,0,3.9147,0,34.1856,0,1030.70037058555
755,ct4-9908-04,130,C,7/28/04,18:57,-163.613,42.696000000000005,760,0,3.9124,0,34.186,0,1030.7056119240453
756,ct4-9908-04,130,C,7/28/04,18:57,-163.613,42.696000000000005,761,0,3.9102,0,34.1863,0,1030.7107620869529
757,ct4-9908-04,130,C,7/28/04,18:57,-163.613,42.696000000000005,762,0,3.9079,0,34.1867,0,1030.716003379614
758,ct4-9908-04,130,C,7/28/04,18:57,-163.613,42.696000000000005,763,0,3.9056,0,34.1871,0,1030.721244649356
759,ct4-9908-04,130,C,7/28/04,18:57,-163.613,42.696000000000005,764,0,3.9034,0,34.1875,0,1030.7264737008259
760,ct4-9908-04,130,C,7/28/04,18:57,-163.613,42.696000000000005,765,0,3.9011,0,34.1878,0,1030.7316359674644
761,ct4-9908-04,130,C,7/28/04,18:57,-163.613,42.696000000000005,766,0,3.8988,0,34.1882,0,1030.736877168502
762,ct4-9908-04,130,C,7/28/04,18:57,-163.613,42.696000000000005,767,0,3.8965,0,34.1886,0,1030.7421183466424
763,ct4-9908-04,130,C,7/28/04,18:57,-163.613,42.696000000000005,768,0,3.8943,0,34.189,0,1030.7473473058342
764,ct4-9908-04,130,C,7/28/04,18:57,-163.613,42.696000000000005,769,0,3.892,0,34.1893,0,1030.7525094816258
765,ct4-9908-04,130,C,7/28/04,18:57,-163.613,42.696000000000005,770,0,3.8897,0,34.1897,0,1030.7577505911263
766,ct4-9908-04,130,C,7/28/04,18:57,-163.613,42.696000000000005,771,0,3.8875,0,34.1901,0,1030.7629794811473
767,ct4-9908-04,130,C,7/28/04,18:57,-163.613,42.696000000000005,772,0,3.8852,0,34.1905,0,1030.7682205447497
768,ct4-9908-04,130,C,7/28/04,18:57,-163.613,42.696000000000005,773,0,3.8829,0,34.1908,0,1030.7733826297806
769,ct4-9908-04,130,C,7/28/04,18:57,-163.613,42.696000000000005,774,0,3.8806,0,34.1912,0,1030.7786236478307
770,ct4-9908-04,130,C,7/28/04,18:57,-163.613,42.696000000000005,775,0,3.8784,0,34.1916,0,1030.7838524457204
771,ct4-9908-04,130,C,7/28/04,18:57,-163.613,42.696000000000005,776,0,3.8761,0,34.192,0,1030.789093417915
772,ct4-9908-04,130,C,7/28/04,18:57,-163.613,42.696000000000005,777,0,3.8738,0,34.1923,0,1030.794255412272
773,ct4-9908-04,130,C,7/28/04,18:57,-163.613,42.696000000000005,778,0,3.8716,0,34.1927,0,1030.7994841411
774,ct4-9908-04,130,C,7/28/04,18:57,-163.613,42.696000000000005,779,0,3.8693,0,34.1931,0,1030.8047250448
775,ct4-9908-04,130,C,7/28/04,18:57,-163.613,42.696000000000005,780,0,3.867,0,34.1935,0,1030.8099659256736
776,ct4-9908-04,130,C,7/28/04,18:57,-163.613,42.696000000000005,781,0,3.8648,0,34.1938,0,1030.8151156310325
777,ct4-9908-04,130,C,7/28/04,18:57,-163.613,42.696000000000005,782,0,3.8625,0,34.1942,0,1030.8203564662858
778,ct4-9908-04,130,C,7/28/04,18:57,-163.613,42.696000000000005,783,0,3.8602,0,34.1946,0,1030.8255972787292
779,ct4-9908-04,130,C,7/28/04,18:57,-163.613,42.696000000000005,784,0,3.8579,0,34.195,0,1030.8308380683682
780,ct4-9908-04,130,C,7/28/04,18:57,-163.613,42.696000000000005,785,0,3.8557,0,34.1953,0,1030.835987682516
781,ct4-9908-04,130,C,7/28/04,18:57,-163.613,42.696000000000005,786,0,3.8534,0,34.1957,0,1030.8412284265776
782,ct4-9908-04,130,C,7/28/04,18:57,-163.613,42.696000000000005,787,0,3.8511,0,34.1961,0,1030.846469147851
783,ct4-9908-04,130,C,7/28/04,18:57,-163.613,42.696000000000005,788,0,3.8489,0,34.1964,0,1030.851618693634
784,ct4-9908-04,130,C,7/28/04,18:57,-163.613,42.696000000000005,789,0,3.8466,0,34.1968,0,1030.856859369362
785,ct4-9908-04,130,C,7/28/04,18:57,-163.613,42.696000000000005,790,0,3.8443,0,34.1972,0,1030.8621000223177
786,ct4-9908-04,130,C,7/28/04,18:57,-163.613,42.696000000000005,791,0,3.842,0,34.1976,0,1030.8673406525074
787,ct4-9908-04,130,C,7/28/04,18:57,-163.613,42.696000000000005,792,0,3.8398,0,34.1979,0,1030.8724901072255
788,ct4-9908-04,130,C,7/28/04,18:57,-163.613,42.696000000000005,793,0,3.8375,0,34.1983,0,1030.8777306919123
789,ct4-9908-04,130,C,7/28/04,18:57,-163.613,42.696000000000005,794,0,3.8352,0,34.1987,0,1030.882971253849
790,ct4-9908-04,130,C,7/28/04,18:57,-163.613,42.696000000000005,795,0,3.833,0,34.1991,0,1030.8881995920626
791,ct4-9908-04,130,C,7/28/04,18:57,-163.613,42.696000000000005,796,0,3.8307,0,34.1994,0,1030.8933611567777
792,ct4-9908-04,130,C,7/28/04,18:57,-163.613,42.696000000000005,797,0,3.8284,0,34.1998,0,1030.89860165051
793,ct4-9908-04,130,C,7/28/04,18:57,-163.613,42.696000000000005,798,0,3.8261,0,34.2002,0,1030.903842121514
794,ct4-9908-04,130,C,7/28/04,18:57,-163.613,42.696000000000005,799,0,3.8239,0,34.2006,0,1030.9090703680954
795,ct4-9908-04,130,C,7/28/04,18:57,-163.613,42.696000000000005,800,0,3.8216,0,34.2009,0,1030.9142318426327
796,ct4-9908-04,130,C,7/28/04,18:57,-163.613,42.696000000000005,801,0,3.8193,0,34.2013,0,1030.9194696369839
797,ct4-9908-04,130,C,7/28/04,18:57,-163.613,42.696000000000005,802,0,3.8171,0,34.2017,0,1030.9246950610598
798,ct4-9908-04,130,C,7/28/04,18:57,-163.613,42.696000000000005,803,0,3.8148,0,34.2021,0,1030.9299326644746
799,ct4-9908-04,130,C,7/28/04,18:57,-163.613,42.696000000000005,804,0,3.8125,0,34.2024,0,1030.9350912950074
800,ct4-9908-04,130,C,7/28/04,18:57,-163.613,42.696000000000005,805,0,3.8103,0,34.2028,0,1030.9403166502645
801,ct4-9908-04,130,C,7/28/04,18:57,-163.613,42.696000000000005,806,0,3.8080000000000003,0,34.2032,0,1030.945554185439
802,ct4-9908-04,130,C,7/28/04,18:57,-163.613,42.696000000000005,807,0,3.8057,0,34.2036,0,1030.950791697871
803,ct4-9908-04,130,C,7/28/04,18:57,-163.613,42.696000000000005,808,0,3.8034,0,34.2039,0,1030.9559502381878
804,ct4-9908-04,130,C,7/28/04,18:57,-163.613,42.696000000000005,809,0,3.8012,0,34.2043,0,1030.9611755017806
805,ct4-9908-04,130,C,7/28/04,18:57,-163.613,42.696000000000005,810,0,3.7989,0,34.2047,0,1030.9664129460368
806,ct4-9908-04,130,C,7/28/04,18:57,-163.613,42.696000000000005,811,0,3.7966,0,34.2051,0,1030.9716503675718
807,ct4-9908-04,130,C,7/28/04,18:57,-163.613,42.696000000000005,812,0,3.7944,0,34.2054,0,1030.9767966136428
808,ct4-9908-04,130,C,7/28/04,18:57,-163.613,42.696000000000005,813,0,3.7921,0,34.2058,0,1030.9820339897713
809,ct4-9908-04,130,C,7/28/04,18:57,-163.613,42.696000000000005,814,0,3.7898,0,34.2062,0,1030.9872713431948
810,ct4-9908-04,130,C,7/28/04,18:57,-163.613,42.696000000000005,815,0,3.7875,0,34.2066,0,1030.9925086739188
811,ct4-9908-04,130,C,7/28/04,18:57,-163.613,42.696000000000005,816,0,3.7853,0,34.2069,0,1030.9976548292163
812,ct4-9908-04,130,C,7/28/04,18:57,-163.613,42.696000000000005,817,0,3.783,0,34.2073,0,1031.0028921145768
813,ct4-9908-04,130,C,7/28/04,18:57,-163.613,42.696000000000005,818,0,3.7807,0,34.2077,0,1031.008129377254
814,ct4-9908-04,130,C,7/28/04,18:57,-163.613,42.696000000000005,819,0,3.7785,0,34.208,0,1031.0132754645156
815,ct4-9908-04,130,C,7/28/04,18:57,-163.613,42.696000000000005,820,0,3.7762,0,34.2084,0,1031.0185126818608
816,ct4-9908-04,130,C,7/28/04,18:57,-163.613,42.696000000000005,821,0,3.7739,0,34.2088,0,1031.0237498765391
817,ct4-9908-04,130,C,7/28/04,18:57,-163.613,42.696000000000005,822,0,3.7716,0,34.2092,0,1031.0289870485558
818,ct4-9908-04,130,C,7/28/04,18:57,-163.613,42.696000000000005,823,0,3.7694,0,34.2095,0,1031.0341330451897
819,ct4-9908-04,130,C,7/28/04,18:57,-163.613,42.696000000000005,824,0,3.7671,0,34.2099,0,1031.039370171917
820,ct4-9908-04,130,C,7/28/04,18:57,-163.613,42.696000000000005,825,0,3.7648,0,34.2103,0,1031.0446072759992
821,ct4-9908-04,130,C,7/28/04,18:57,-163.613,42.696000000000005,826,0,3.7626,0,34.2107,0,1031.0498321506902
822,ct4-9908-04,130,C,7/28/04,18:57,-163.613,42.696000000000005,827,0,3.7603,0,34.211,0,1031.0549902635303
823,ct4-9908-04,130,C,7/28/04,18:57,-163.613,42.696000000000005,828,0,3.758,0,34.2114,0,1031.0602272997257
824,ct4-9908-04,130,C,7/28/04,18:57,-163.613,42.696000000000005,829,0,3.7558,0,34.2118,0,1031.0654521059705
825,ct4-9908-04,130,C,7/28/04,18:57,-163.613,42.696000000000005,830,0,3.7535,0,34.2122,0,1031.0706890967606
826,ct4-9908-04,130,C,7/28/04,18:57,-163.613,42.696000000000005,831,0,3.7512,0,34.2125,0,1031.0758471198785
827,ct4-9908-04,130,C,7/28/04,18:57,-163.613,42.696000000000005,832,0,3.7489,0,34.2129,0,1031.0810840656277
828,ct4-9908-04,130,C,7/28/04,18:57,-163.613,42.696000000000005,833,0,3.7467,0,34.2133,0,1031.0863087807065
829,ct4-9908-04,130,C,7/28/04,18:57,-163.613,42.696000000000005,834,0,3.7444,0,34.2137,0,1031.0915456810933
830,ct4-9908-04,130,C,7/28/04,18:57,-163.613,42.696000000000005,835,0,3.7421,0,34.214,0,1031.0967036145748
831,ct4-9908-04,130,C,7/28/04,18:57,-163.613,42.696000000000005,836,0,3.7399,0,34.2144,0,1031.1019282613154
832,ct4-9908-04,130,C,7/28/04,18:57,-163.613,42.696000000000005,837,0,3.7376,0,34.2148,0,1031.1071650939593
833,ct4-9908-04,130,C,7/28/04,18:57,-163.613,42.696000000000005,838,0,3.7353,0,34.2152,0,1031.1124019040283
834,ct4-9908-04,130,C,7/28/04,18:57,-163.613,42.696000000000005,839,0,3.733,0,34.2155,0,1031.1175597479596
835,ct4-9908-04,130,C,7/28/04,18:57,-163.613,42.696000000000005,840,0,3.7308,0,34.2159,0,1031.1227843036788
836,ct4-9908-04,130,C,7/28/04,18:57,-163.613,42.696000000000005,841,0,3.7285,0,34.2163,0,1031.1280210460693
837,ct4-9908-04,130,C,7/28/04,18:57,-163.613,42.696000000000005,842,0,3.7262,0,34.2167,0,1031.1332577659064
838,ct4-9908-04,130,C,7/28/04,18:57,-163.613,42.696000000000005,843,0,3.7239999999999998,0,34.217,0,1031.1384033103939
839,ct4-9908-04,130,C,7/28/04,18:57,-163.613,42.696000000000005,844,0,3.7217,0,34.2174,0,1031.1436399851539
840,ct4-9908-04,130,C,7/28/04,18:57,-163.613,42.696000000000005,845,0,3.7194,0,34.2178,0,1031.1488766373768
841,ct4-9908-04,130,C,7/28/04,18:57,-163.613,42.696000000000005,846,0,3.7171,0,34.2182,0,1031.1541132670675
842,ct4-9908-04,130,C,7/28/04,18:57,-163.613,42.696000000000005,847,0,3.7149,0,34.2185,0,1031.1592587214245
843,ct4-9908-04,130,C,7/28/04,18:57,-163.613,42.696000000000005,848,0,3.7126,0,34.2189,0,1031.1644953060809
844,ct4-9908-04,130,C,7/28/04,18:57,-163.613,42.696000000000005,849,0,3.7103,0,34.2193,0,1031.1697318682216
845,ct4-9908-04,130,C,7/28/04,18:57,-163.613,42.696000000000005,850,0,3.7081,0,34.2197,0,1031.174956196507
846,ct4-9908-04,130,C,7/28/04,18:57,-163.613,42.696000000000005,851,0,3.7058,0,34.22,0,1031.180113772161
847,ct4-9908-04,130,C,7/28/04,18:57,-163.613,42.696000000000005,852,0,3.7035,0,34.2204,0,1031.185350266799
848,ct4-9908-04,130,C,7/28/04,18:57,-163.613,42.696000000000005,853,0,3.7013,0,34.2208,0,1031.1905745270092
849,ct4-9908-04,130,C,7/28/04,18:57,-163.613,42.696000000000005,854,0,3.699,0,34.2212,0,1031.1958109764967
850,ct4-9908-04,130,C,7/28/04,18:57,-163.613,42.696000000000005,855,0,3.6967,0,34.2215,0,1031.2009684629427
851,ct4-9908-04,130,C,7/28/04,18:57,-163.613,42.696000000000005,856,0,3.6944,0,34.2219,0,1031.2062048676487
852,ct4-9908-04,130,C,7/28/04,18:57,-163.613,42.696000000000005,857,0,3.6922,0,34.2223,0,1031.2114290371883
853,ct4-9908-04,130,C,7/28/04,18:57,-163.613,42.696000000000005,858,0,3.6899,0,34.2227,0,1031.216665396786
854,ct4-9908-04,130,C,7/28/04,18:57,-163.613,42.696000000000005,859,0,3.6876,0,34.223,0,1031.2218227941096
855,ct4-9908-04,130,C,7/28/04,18:57,-163.613,42.696000000000005,860,0,3.6854,0,34.2234,0,1031.227046895682
856,ct4-9908-04,130,C,7/28/04,18:57,-163.613,42.696000000000005,861,0,3.6831,0,34.2238,0,1031.232283187921
857,ct4-9908-04,130,C,7/28/04,18:57,-163.613,42.696000000000005,862,0,3.6808,0,34.2241,0,1031.2374405184687
858,ct4-9908-04,130,C,7/28/04,18:57,-163.613,42.696000000000005,863,0,3.6785,0,34.2245,0,1031.242676766001
859,ct4-9908-04,130,C,7/28/04,18:57,-163.613,42.696000000000005,864,0,3.6763,0,34.2249,0,1031.2479007770476
860,ct4-9908-04,130,C,7/28/04,18:57,-163.613,42.696000000000005,865,0,3.674,0,34.2253,0,1031.2531369795458
861,ct4-9908-04,130,C,7/28/04,18:57,-163.613,42.696000000000005,866,0,3.6717,0,34.2256,0,1031.2582942211209
862,ct4-9908-04,130,C,7/28/04,18:57,-163.613,42.696000000000005,867,0,3.6695,0,34.226,0,1031.2635181643082
863,ct4-9908-04,130,C,7/28/04,18:57,-163.613,42.696000000000005,868,0,3.6672,0,34.2264,0,1031.2687542995593
864,ct4-9908-04,130,C,7/28/04,18:57,-163.613,42.696000000000005,869,0,3.6649,0,34.2268,0,1031.2739904124026
865,ct4-9908-04,130,C,7/28/04,18:57,-163.613,42.696000000000005,870,0,3.6626,0,34.2271,0,1031.2791475650904
866,ct4-9908-04,130,C,7/28/04,18:57,-163.613,42.696000000000005,871,0,3.6604,0,34.2275,0,1031.284371417896
867,ct4-9908-04,130,C,7/28/04,18:57,-163.613,42.696000000000005,872,0,3.6581,0,34.2279,0,1031.289607463556
868,ct4-9908-04,130,C,7/28/04,18:57,-163.613,42.696000000000005,873,0,3.6558,0,34.2283,0,1031.2948434868294
869,ct4-9908-04,130,C,7/28/04,18:57,-163.613,42.696000000000005,874,0,3.6536,0,34.2286,0,1031.2999883346974
870,ct4-9908-04,130,C,7/28/04,18:57,-163.613,42.696000000000005,875,0,3.6513,0,34.229,0,1031.3052243132222
871,ct4-9908-04,130,C,7/28/04,18:57,-163.613,42.696000000000005,876,0,3.6489999999999996,0,34.2294,0,1031.3104602693763
872,ct4-9908-04,130,C,7/28/04,18:57,-163.613,42.696000000000005,877,0,3.6467,0,34.2298,0,1031.3156962031653
873,ct4-9908-04,130,C,7/28/04,18:57,-163.613,42.696000000000005,878,0,3.6445,0,34.2301,0,1031.320840961543
874,ct4-9908-04,130,C,7/28/04,18:57,-163.613,42.696000000000005,879,0,3.6422,0,34.2305,0,1031.3260768506257
875,ct4-9908-04,130,C,7/28/04,18:57,-163.613,42.696000000000005,880,0,3.6399,0,34.2309,0,1031.3313127173592
876,ct4-9908-04,130,C,7/28/04,18:57,-163.613,42.696000000000005,881,0,3.6377,0,34.2313,0,1031.3365363443259
877,ct4-9908-04,130,C,7/28/04,18:57,-163.613,42.696000000000005,882,0,3.6354,0,34.2316,0,1031.3416932307182
878,ct4-9908-04,130,C,7/28/04,18:57,-163.613,42.696000000000005,883,0,3.6331,0,34.232,0,1031.346929030444
879,ct4-9908-04,130,C,7/28/04,18:57,-163.613,42.696000000000005,884,0,3.6309,0,34.2324,0,1031.352152589813
880,ct4-9908-04,130,C,7/28/04,18:57,-163.613,42.696000000000005,885,0,3.6286,0,34.2328,0,1031.3573883447157
881,ct4-9908-04,130,C,7/28/04,18:57,-163.613,42.696000000000005,886,0,3.6263,0,34.2331,0,1031.3625451425619
882,ct4-9908-04,130,C,7/28/04,18:57,-163.613,42.696000000000005,887,0,3.6239999999999997,0,34.2335,0,1031.3677808530163
883,ct4-9908-04,130,C,7/28/04,18:57,-163.613,42.696000000000005,888,0,3.6218,0,34.2339,0,1031.3730043223532
884,ct4-9908-04,130,C,7/28/04,18:57,-163.613,42.696000000000005,889,0,3.6195,0,34.2343,0,1031.378239988027
885,ct4-9908-04,130,C,7/28/04,18:57,-163.613,42.696000000000005,890,0,3.6172,0,34.2346,0,1031.3833966974123
886,ct4-9908-04,130,C,7/28/04,18:57,-163.613,42.696000000000005,891,0,3.615,0,34.235,0,1031.3886200992588
887,ct4-9908-04,130,C,7/28/04,18:57,-163.613,42.696000000000005,892,0,3.6127,0,34.2354,0,1031.3938556980677
888,ct4-9908-04,130,C,7/28/04,18:57,-163.613,42.696000000000005,893,0,3.6104,0,34.2358,0,1031.399091274597
889,ct4-9908-04,130,C,7/28/04,18:57,-163.613,42.696000000000005,894,0,3.6081,0,34.2361,0,1031.4042478956069
890,ct4-9908-04,130,C,7/28/04,18:57,-163.613,42.696000000000005,895,0,3.6059,0,34.2365,0,1031.4094712075657
891,ct4-9908-04,130,C,7/28/04,18:57,-163.613,42.696000000000005,896,0,3.6036,0,34.2369,0,1031.4147067172937
892,ct4-9908-04,130,C,7/28/04,18:57,-163.613,42.696000000000005,897,0,3.6013,0,34.2373,0,1031.4199422047643
893,ct4-9908-04,130,C,7/28/04,18:57,-163.613,42.696000000000005,898,0,3.5991,0,34.2376,0,1031.4250865166614
894,ct4-9908-04,130,C,7/28/04,18:57,-163.613,42.696000000000005,899,0,3.5968,0,34.238,0,1031.4303219596366
895,ct4-9908-04,130,C,7/28/04,18:57,-163.613,42.696000000000005,900,0,3.5945,0,34.2384,0,1031.4355572205907
896,ct4-9908-04,130,C,7/28/04,18:57,-163.613,42.696000000000005,901,0,3.5923,0,34.2387,0,1031.4407004543011
897,ct4-9908-04,130,C,7/28/04,18:57,-163.613,42.696000000000005,902,0,3.59,0,34.2391,0,1031.4459348191292
898,ct4-9908-04,130,C,7/28/04,18:57,-163.613,42.696000000000005,903,0,3.5877,0,34.2395,0,1031.4511691617088
899,ct4-9908-04,130,C,7/28/04,18:57,-163.613,42.696000000000005,904,0,3.5854,0,34.2399,0,1031.4564034820446
900,ct4-9908-04,130,C,7/28/04,18:57,-163.613,42.696000000000005,905,0,3.5832,0,34.2402,0,1031.4615466267437
901,ct4-9908-04,130,C,7/28/04,18:57,-163.613,42.696000000000005,906,0,3.5809,0,34.2406,0,1031.4667809026146
902,ct4-9908-04,130,C,7/28/04,18:57,-163.613,42.696000000000005,907,0,3.5786,0,34.241,0,1031.4720151562583
903,ct4-9908-04,130,C,7/28/04,18:57,-163.613,42.696000000000005,908,0,3.5764,0,34.2414,0,1031.4772371648046
904,ct4-9908-04,130,C,7/28/04,18:57,-163.613,42.696000000000005,909,0,3.5741,0,34.2417,0,1031.482392443449
905,ct4-9908-04,130,C,7/28/04,18:57,-163.613,42.696000000000005,910,0,3.5718,0,34.2421,0,1031.4876266304477
906,ct4-9908-04,130,C,7/28/04,18:57,-163.613,42.696000000000005,911,0,3.5695,0,34.2425,0,1031.4928607952402
907,ct4-9908-04,130,C,7/28/04,18:57,-163.613,42.696000000000005,912,0,3.5673,0,34.2429,0,1031.4980827141594
908,ct4-9908-04,130,C,7/28/04,18:57,-163.613,42.696000000000005,913,0,3.565,0,34.2432,0,1031.5032379047543
